# ************************************************************
# Sequel Pro SQL dump
# Version 4541
#
# http://www.sequelpro.com/
# https://github.com/sequelpro/sequelpro
#
# Host: 127.0.0.1 (MySQL 5.5.58-0+deb8u1)
# Datenbank: con-rails_production
# Erstellt am: 2018-01-05 12:07:13 +0000
# ************************************************************


/*!40101 SET @OLD_CHARACTER_SET_CLIENT=@@CHARACTER_SET_CLIENT */;
/*!40101 SET @OLD_CHARACTER_SET_RESULTS=@@CHARACTER_SET_RESULTS */;
/*!40101 SET @OLD_COLLATION_CONNECTION=@@COLLATION_CONNECTION */;
/*!40101 SET NAMES utf8 */;
/*!40014 SET @OLD_FOREIGN_KEY_CHECKS=@@FOREIGN_KEY_CHECKS, FOREIGN_KEY_CHECKS=0 */;
/*!40101 SET @OLD_SQL_MODE=@@SQL_MODE, SQL_MODE='NO_AUTO_VALUE_ON_ZERO' */;
/*!40111 SET @OLD_SQL_NOTES=@@SQL_NOTES, SQL_NOTES=0 */;


# Export von Tabelle active_admin_comments
# ------------------------------------------------------------

DROP TABLE IF EXISTS `active_admin_comments`;

CREATE TABLE `active_admin_comments` (
  `id` bigint(20) NOT NULL AUTO_INCREMENT,
  `namespace` varchar(255) COLLATE utf8_bin DEFAULT NULL,
  `body` text COLLATE utf8_bin,
  `resource_type` varchar(255) COLLATE utf8_bin DEFAULT NULL,
  `resource_id` bigint(20) DEFAULT NULL,
  `author_type` varchar(255) COLLATE utf8_bin DEFAULT NULL,
  `author_id` bigint(20) DEFAULT NULL,
  `created_at` datetime NOT NULL,
  `updated_at` datetime NOT NULL,
  PRIMARY KEY (`id`),
  KEY `index_active_admin_comments_on_resource_type_and_resource_id` (`resource_type`,`resource_id`),
  KEY `index_active_admin_comments_on_author_type_and_author_id` (`author_type`,`author_id`),
  KEY `index_active_admin_comments_on_namespace` (`namespace`)
) ENGINE=InnoDB DEFAULT CHARSET=utf8 COLLATE=utf8_bin;



# Export von Tabelle admin_users
# ------------------------------------------------------------

DROP TABLE IF EXISTS `admin_users`;

CREATE TABLE `admin_users` (
  `id` bigint(20) NOT NULL AUTO_INCREMENT,
  `email` varchar(255) COLLATE utf8_bin NOT NULL DEFAULT '',
  `encrypted_password` varchar(255) COLLATE utf8_bin NOT NULL DEFAULT '',
  `reset_password_token` varchar(255) COLLATE utf8_bin DEFAULT NULL,
  `reset_password_sent_at` datetime DEFAULT NULL,
  `remember_created_at` datetime DEFAULT NULL,
  `sign_in_count` int(11) NOT NULL DEFAULT '0',
  `current_sign_in_at` datetime DEFAULT NULL,
  `last_sign_in_at` datetime DEFAULT NULL,
  `current_sign_in_ip` varchar(255) COLLATE utf8_bin DEFAULT NULL,
  `last_sign_in_ip` varchar(255) COLLATE utf8_bin DEFAULT NULL,
  `created_at` datetime NOT NULL,
  `updated_at` datetime NOT NULL,
  PRIMARY KEY (`id`),
  UNIQUE KEY `index_admin_users_on_email` (`email`),
  UNIQUE KEY `index_admin_users_on_reset_password_token` (`reset_password_token`)
) ENGINE=InnoDB DEFAULT CHARSET=utf8 COLLATE=utf8_bin;

LOCK TABLES `admin_users` WRITE;
/*!40000 ALTER TABLE `admin_users` DISABLE KEYS */;

INSERT INTO `admin_users` (`id`, `email`, `encrypted_password`, `reset_password_token`, `reset_password_sent_at`, `remember_created_at`, `sign_in_count`, `current_sign_in_at`, `last_sign_in_at`, `current_sign_in_ip`, `last_sign_in_ip`, `created_at`, `updated_at`)
VALUES
	(1,X'64616E69656C40657465726E616C2D636F6E2E6465',X'24326124313124746E776C6C6E52586D78774F6E6A6643446578754375514B6C505645314749466C4E4F2F4545654D5853725061776A4735756B3371',NULL,NULL,NULL,2,'2017-12-31 21:31:40','2017-12-31 21:31:19',X'37382E33342E3134312E323132',X'37382E33342E3134312E323132','2017-12-31 21:31:11','2017-12-31 21:31:40'),
	(2,X'626F72697340657465726E616C2D636F6E2E6465',X'243261243131244B6C6E676A6A704A4539634547466133453351487A753271647344774349375353383055514A645950435478334E417774742E4247',NULL,NULL,NULL,1,'2018-01-01 12:15:28','2018-01-01 12:15:28',X'38342E3137322E3232382E3630',X'38342E3137322E3232382E3630','2017-12-31 21:31:56','2018-01-01 12:15:28');

/*!40000 ALTER TABLE `admin_users` ENABLE KEYS */;
UNLOCK TABLES;


# Export von Tabelle ar_internal_metadata
# ------------------------------------------------------------

DROP TABLE IF EXISTS `ar_internal_metadata`;

CREATE TABLE `ar_internal_metadata` (
  `key` varchar(255) COLLATE utf8_bin NOT NULL,
  `value` varchar(255) COLLATE utf8_bin DEFAULT NULL,
  `created_at` datetime NOT NULL,
  `updated_at` datetime NOT NULL,
  PRIMARY KEY (`key`)
) ENGINE=InnoDB DEFAULT CHARSET=utf8 COLLATE=utf8_bin;

LOCK TABLES `ar_internal_metadata` WRITE;
/*!40000 ALTER TABLE `ar_internal_metadata` DISABLE KEYS */;

INSERT INTO `ar_internal_metadata` (`key`, `value`, `created_at`, `updated_at`)
VALUES
	(X'656E7669726F6E6D656E74',X'70726F64756374696F6E','2017-12-31 17:10:31','2017-12-31 17:10:31');

/*!40000 ALTER TABLE `ar_internal_metadata` ENABLE KEYS */;
UNLOCK TABLES;


# Export von Tabelle delayed_jobs
# ------------------------------------------------------------

DROP TABLE IF EXISTS `delayed_jobs`;

CREATE TABLE `delayed_jobs` (
  `id` bigint(20) NOT NULL AUTO_INCREMENT,
  `priority` int(11) NOT NULL DEFAULT '0',
  `attempts` int(11) NOT NULL DEFAULT '0',
  `handler` text COLLATE utf8_bin NOT NULL,
  `last_error` text COLLATE utf8_bin,
  `run_at` datetime DEFAULT NULL,
  `locked_at` datetime DEFAULT NULL,
  `failed_at` datetime DEFAULT NULL,
  `locked_by` varchar(255) COLLATE utf8_bin DEFAULT NULL,
  `queue` varchar(255) COLLATE utf8_bin DEFAULT NULL,
  `created_at` datetime DEFAULT NULL,
  `updated_at` datetime DEFAULT NULL,
  PRIMARY KEY (`id`),
  KEY `delayed_jobs_priority` (`priority`,`run_at`)
) ENGINE=InnoDB DEFAULT CHARSET=utf8 COLLATE=utf8_bin;

LOCK TABLES `delayed_jobs` WRITE;
/*!40000 ALTER TABLE `delayed_jobs` DISABLE KEYS */;

INSERT INTO `delayed_jobs` (`id`, `priority`, `attempts`, `handler`, `last_error`, `run_at`, `locked_at`, `failed_at`, `locked_by`, `queue`, `created_at`, `updated_at`)
VALUES
	(168,0,17,X'2D2D2D2021727562792F6F626A6563743A4163746976654A6F623A3A517565756541646170746572733A3A44656C617965644A6F62416461707465723A3A4A6F62577261707065720A6A6F625F646174613A0A20206A6F625F636C6173733A20416374696F6E4D61696C65723A3A44656C69766572794A6F620A20206A6F625F69643A2062613261323035392D366266642D343737322D383465322D6663353836613238656530630A202070726F76696465725F6A6F625F69643A200A202071756575655F6E616D653A206D61696C6572730A20207072696F726974793A200A2020617267756D656E74733A0A20202D204465766973653A3A4D61696C65720A20202D20636F6E6669726D6174696F6E5F696E737472756374696F6E730A20202D2064656C697665725F6E6F770A20202D205F616A5F676C6F62616C69643A206769643A2F2F636F6E2D7261696C732F557365722F35350A20202D20222D535F594E634B644B7634574E6433444A583345220A20202D205F616A5F73796D626F6C5F6B6579733A205B5D0A2020657865637574696F6E733A20300A20206C6F63616C653A20656E0A',X'35303120352E312E332042616420726563697069656E7420616464726573732073796E7461780A0A2F7573722F6C6F63616C2F72766D2F7275626965732F727562792D322E342E312F6C69622F727562792F322E342E302F6E65742F736D74702E72623A3936393A696E2060636865636B5F726573706F6E7365270A2F7573722F6C6F63616C2F72766D2F7275626965732F727562792D322E342E312F6C69622F727562792F322E342E302F6E65742F736D74702E72623A3933373A696E20606765746F6B270A2F7573722F6C6F63616C2F72766D2F7275626965732F727562792D322E342E312F6C69622F727562792F322E342E302F6E65742F736D74702E72623A3836353A696E206072637074746F270A2F7573722F6C6F63616C2F72766D2F7275626965732F727562792D322E342E312F6C69622F727562792F322E342E302F6E65742F736D74702E72623A3834363A696E2060626C6F636B20696E2072637074746F5F6C697374270A2F7573722F6C6F63616C2F72766D2F7275626965732F727562792D322E342E312F6C69622F727562792F322E342E302F6E65742F736D74702E72623A3834343A696E206065616368270A2F7573722F6C6F63616C2F72766D2F7275626965732F727562792D322E342E312F6C69622F727562792F322E342E302F6E65742F736D74702E72623A3834343A696E206072637074746F5F6C697374270A2F7573722F6C6F63616C2F72766D2F7275626965732F727562792D322E342E312F6C69622F727562792F322E342E302F6E65742F736D74702E72623A3635393A696E206073656E645F6D657373616765270A2F7661722F7777772F636F6E2D7261696C732F7368617265642F62756E646C652F727562792F322E342E302F67656D732F6D61696C2D322E372E302F6C69622F6D61696C2F6E6574776F726B2F64656C69766572795F6D6574686F64732F736D74705F636F6E6E656374696F6E2E72623A35343A696E206064656C6976657221270A2F7661722F7777772F636F6E2D7261696C732F7368617265642F62756E646C652F727562792F322E342E302F67656D732F6D61696C2D322E372E302F6C69622F6D61696C2F6E6574776F726B2F64656C69766572795F6D6574686F64732F736D74702E72623A3130313A696E2060626C6F636B20696E2064656C6976657221270A2F7573722F6C6F63616C2F72766D2F7275626965732F727562792D322E342E312F6C69622F727562792F322E342E302F6E65742F736D74702E72623A3531393A696E20607374617274270A2F7661722F7777772F636F6E2D7261696C732F7368617265642F62756E646C652F727562792F322E342E302F67656D732F6D61696C2D322E372E302F6C69622F6D61696C2F6E6574776F726B2F64656C69766572795F6D6574686F64732F736D74702E72623A3130393A696E206073746172745F736D74705F73657373696F6E270A2F7661722F7777772F636F6E2D7261696C732F7368617265642F62756E646C652F727562792F322E342E302F67656D732F6D61696C2D322E372E302F6C69622F6D61696C2F6E6574776F726B2F64656C69766572795F6D6574686F64732F736D74702E72623A3130303A696E206064656C6976657221270A2F7661722F7777772F636F6E2D7261696C732F7368617265642F62756E646C652F727562792F322E342E302F67656D732F6D61696C2D322E372E302F6C69622F6D61696C2F6D6573736167652E72623A323136303A696E2060646F5F64656C6976657279270A2F7661722F7777772F636F6E2D7261696C732F7368617265642F62756E646C652F727562792F322E342E302F67656D732F6D61696C2D322E372E302F6C69622F6D61696C2F6D6573736167652E72623A3236303A696E2060626C6F636B20696E2064656C69766572270A2F7661722F7777772F636F6E2D7261696C732F7368617265642F62756E646C652F727562792F322E342E302F67656D732F616374696F6E6D61696C65722D352E312E342F6C69622F616374696F6E5F6D61696C65722F626173652E72623A3535383A696E2060626C6F636B20696E2064656C697665725F6D61696C270A2F7661722F7777772F636F6E2D7261696C732F7368617265642F62756E646C652F727562792F322E342E302F67656D732F616374697665737570706F72742D352E312E342F6C69622F6163746976655F737570706F72742F6E6F74696669636174696F6E732E72623A3136363A696E2060626C6F636B20696E20696E737472756D656E74270A2F7661722F7777772F636F6E2D7261696C732F7368617265642F62756E646C652F727562792F322E342E302F67656D732F616374697665737570706F72742D352E312E342F6C69622F6163746976655F737570706F72742F6E6F74696669636174696F6E732F696E737472756D656E7465722E72623A32313A696E2060696E737472756D656E74270A2F7661722F7777772F636F6E2D7261696C732F7368617265642F62756E646C652F727562792F322E342E302F67656D732F616374697665737570706F72742D352E312E342F6C69622F6163746976655F737570706F72742F6E6F74696669636174696F6E732E72623A3136363A696E2060696E737472756D656E74270A2F7661722F7777772F636F6E2D7261696C732F7368617265642F62756E646C652F727562792F322E342E302F67656D732F616374696F6E6D61696C65722D352E312E342F6C69622F616374696F6E5F6D61696C65722F626173652E72623A3535363A696E206064656C697665725F6D61696C270A2F7661722F7777772F636F6E2D7261696C732F7368617265642F62756E646C652F727562792F322E342E302F67656D732F6D61696C2D322E372E302F6C69622F6D61696C2F6D6573736167652E72623A3236303A696E206064656C69766572270A2F7661722F7777772F636F6E2D7261696C732F7368617265642F62756E646C652F727562792F322E342E302F67656D732F616374696F6E6D61696C65722D352E312E342F6C69622F616374696F6E5F6D61696C65722F6D6573736167655F64656C69766572792E72623A39363A696E2060626C6F636B20696E2064656C697665725F6E6F77270A2F7661722F7777772F636F6E2D7261696C732F7368617265642F62756E646C652F727562792F322E342E302F67656D732F616374696F6E6D61696C65722D352E312E342F6C69622F616374696F6E5F6D61696C65722F726573637561626C652E72623A31353A696E206068616E646C655F657863657074696F6E73270A2F7661722F7777772F636F6E2D7261696C732F7368617265642F62756E646C652F727562792F322E342E302F67656D732F616374696F6E6D61696C65722D352E312E342F6C69622F616374696F6E5F6D61696C65722F6D6573736167655F64656C69766572792E72623A39353A696E206064656C697665725F6E6F77270A2F7661722F7777772F636F6E2D7261696C732F7368617265642F62756E646C652F727562792F322E342E302F67656D732F616374696F6E6D61696C65722D352E312E342F6C69622F616374696F6E5F6D61696C65722F64656C69766572795F6A6F622E72623A31343A696E2060706572666F726D270A2F7661722F7777772F636F6E2D7261696C732F7368617265642F62756E646C652F727562792F322E342E302F67656D732F6163746976656A6F622D352E312E342F6C69622F6163746976655F6A6F622F657865637574696F6E2E72623A33373A696E2060626C6F636B20696E20706572666F726D5F6E6F77270A2F7661722F7777772F636F6E2D7261696C732F7368617265642F62756E646C652F727562792F322E342E302F67656D732F616374697665737570706F72742D352E312E342F6C69622F6163746976655F737570706F72742F63616C6C6261636B732E72623A3130383A696E2060626C6F636B20696E2072756E5F63616C6C6261636B73270A2F7661722F7777772F636F6E2D7261696C732F7368617265642F62756E646C652F727562792F322E342E302F67656D732F6931386E2D302E392E312F6C69622F6931386E2E72623A3236353A696E2060776974685F6C6F63616C65270A2F7661722F7777772F636F6E2D7261696C732F7368617265642F62756E646C652F727562792F322E342E302F67656D732F6163746976656A6F622D352E312E342F6C69622F6163746976655F6A6F622F7472616E736C6174696F6E2E72623A373A696E2060626C6F636B202832206C6576656C732920696E203C6D6F64756C653A5472616E736C6174696F6E3E270A2F7661722F7777772F636F6E2D7261696C732F7368617265642F62756E646C652F727562792F322E342E302F67656D732F616374697665737570706F72742D352E312E342F6C69622F6163746976655F737570706F72742F63616C6C6261636B732E72623A3131373A696E2060696E7374616E63655F65786563270A2F7661722F7777772F636F6E2D7261696C732F7368617265642F62756E646C652F727562792F322E342E302F67656D732F616374697665737570706F72742D352E312E342F6C69622F6163746976655F737570706F72742F63616C6C6261636B732E72623A3131373A696E2060626C6F636B20696E2072756E5F63616C6C6261636B73270A2F7661722F7777772F636F6E2D7261696C732F7368617265642F62756E646C652F727562792F322E342E302F67656D732F6163746976656A6F622D352E312E342F6C69622F6163746976655F6A6F622F6C6F6767696E672E72623A32343A696E2060626C6F636B202834206C6576656C732920696E203C6D6F64756C653A4C6F6767696E673E270A2F7661722F7777772F636F6E2D7261696C732F7368617265642F62756E646C652F727562792F322E342E302F67656D732F616374697665737570706F72742D352E312E342F6C69622F6163746976655F737570706F72742F6E6F74696669636174696F6E732E72623A3136363A696E2060626C6F636B20696E20696E737472756D656E74270A2F7661722F7777772F636F6E2D7261696C732F7368617265642F62756E646C652F727562792F322E342E302F67656D732F616374697665737570706F72742D352E312E342F6C69622F6163746976655F737570706F72742F6E6F74696669636174696F6E732F696E737472756D656E7465722E72623A32313A696E2060696E737472756D656E74270A2F7661722F7777772F636F6E2D7261696C732F7368617265642F62756E646C652F727562792F322E342E302F67656D732F616374697665737570706F72742D352E312E342F6C69622F6163746976655F737570706F72742F6E6F74696669636174696F6E732E72623A3136363A696E2060696E737472756D656E74270A2F7661722F7777772F636F6E2D7261696C732F7368617265642F62756E646C652F727562792F322E342E302F67656D732F6163746976656A6F622D352E312E342F6C69622F6163746976655F6A6F622F6C6F6767696E672E72623A32333A696E2060626C6F636B202833206C6576656C732920696E203C6D6F64756C653A4C6F6767696E673E270A2F7661722F7777772F636F6E2D7261696C732F7368617265642F62756E646C652F727562792F322E342E302F67656D732F6163746976656A6F622D352E312E342F6C69622F6163746976655F6A6F622F6C6F6767696E672E72623A34343A696E2060626C6F636B20696E207461675F6C6F67676572270A2F7661722F7777772F636F6E2D7261696C732F7368617265642F62756E646C652F727562792F322E342E302F67656D732F616374697665737570706F72742D352E312E342F6C69622F6163746976655F737570706F72742F7461676765645F6C6F6767696E672E72623A36393A696E2060626C6F636B20696E20746167676564270A2F7661722F7777772F636F6E2D7261696C732F7368617265642F62756E646C652F727562792F322E342E302F67656D732F616374697665737570706F72742D352E312E342F6C69622F6163746976655F737570706F72742F7461676765645F6C6F6767696E672E72623A32363A696E2060746167676564270A2F7661722F7777772F636F6E2D7261696C732F7368617265642F62756E646C652F727562792F322E342E302F67656D732F616374697665737570706F72742D352E312E342F6C69622F6163746976655F737570706F72742F7461676765645F6C6F6767696E672E72623A36393A696E2060746167676564270A2F7661722F7777772F636F6E2D7261696C732F7368617265642F62756E646C652F727562792F322E342E302F67656D732F6163746976656A6F622D352E312E342F6C69622F6163746976655F6A6F622F6C6F6767696E672E72623A34343A696E20607461675F6C6F67676572270A2F7661722F7777772F636F6E2D7261696C732F7368617265642F62756E646C652F727562792F322E342E302F67656D732F6163746976656A6F622D352E312E342F6C69622F6163746976655F6A6F622F6C6F6767696E672E72623A32303A696E2060626C6F636B202832206C6576656C732920696E203C6D6F64756C653A4C6F6767696E673E270A2F7661722F7777772F636F6E2D7261696C732F7368617265642F62756E646C652F727562792F322E342E302F67656D732F616374697665737570706F72742D352E312E342F6C69622F6163746976655F737570706F72742F63616C6C6261636B732E72623A3131373A696E2060696E7374616E63655F65786563270A2F7661722F7777772F636F6E2D7261696C732F7368617265642F62756E646C652F727562792F322E342E302F67656D732F616374697665737570706F72742D352E312E342F6C69622F6163746976655F737570706F72742F63616C6C6261636B732E72623A3131373A696E2060626C6F636B20696E2072756E5F63616C6C6261636B73270A2F7661722F7777772F636F6E2D7261696C732F7368617265642F62756E646C652F727562792F322E342E302F67656D732F616374697665737570706F72742D352E312E342F6C69622F6163746976655F737570706F72742F63616C6C6261636B732E72623A3133353A696E206072756E5F63616C6C6261636B73270A2F7661722F7777772F636F6E2D7261696C732F7368617265642F62756E646C652F727562792F322E342E302F67656D732F6163746976656A6F622D352E312E342F6C69622F6163746976655F6A6F622F657865637574696F6E2E72623A33333A696E2060706572666F726D5F6E6F77270A2F7661722F7777772F636F6E2D7261696C732F7368617265642F62756E646C652F727562792F322E342E302F67656D732F6163746976656A6F622D352E312E342F6C69622F6163746976655F6A6F622F657865637574696F6E2E72623A32323A696E2060626C6F636B20696E2065786563757465270A2F7661722F7777772F636F6E2D7261696C732F7368617265642F62756E646C652F727562792F322E342E302F67656D732F616374697665737570706F72742D352E312E342F6C69622F6163746976655F737570706F72742F63616C6C6261636B732E72623A3130383A696E2060626C6F636B20696E2072756E5F63616C6C6261636B73270A2F7661722F7777772F636F6E2D7261696C732F7368617265642F62756E646C652F727562792F322E342E302F67656D732F6163746976656A6F622D352E312E342F6C69622F6163746976655F6A6F622F7261696C7469652E72623A32363A696E2060626C6F636B202834206C6576656C732920696E203C636C6173733A5261696C7469653E270A2F7661722F7777772F636F6E2D7261696C732F7368617265642F62756E646C652F727562792F322E342E302F67656D732F616374697665737570706F72742D352E312E342F6C69622F6163746976655F737570706F72742F657865637574696F6E5F777261707065722E72623A38353A696E206077726170270A2F7661722F7777772F636F6E2D7261696C732F7368617265642F62756E646C652F727562792F322E342E302F67656D732F616374697665737570706F72742D352E312E342F6C69622F6163746976655F737570706F72742F72656C6F616465722E72623A36383A696E2060626C6F636B20696E2077726170270A2F7661722F7777772F636F6E2D7261696C732F7368617265642F62756E646C652F727562792F322E342E302F67656D732F616374697665737570706F72742D352E312E342F6C69622F6163746976655F737570706F72742F657865637574696F6E5F777261707065722E72623A38353A696E206077726170270A2F7661722F7777772F636F6E2D7261696C732F7368617265642F62756E646C652F727562792F322E342E302F67656D732F616374697665737570706F72742D352E312E342F6C69622F6163746976655F737570706F72742F72656C6F616465722E72623A36373A696E206077726170270A2F7661722F7777772F636F6E2D7261696C732F7368617265642F62756E646C652F727562792F322E342E302F67656D732F6163746976656A6F622D352E312E342F6C69622F6163746976655F6A6F622F7261696C7469652E72623A32353A696E2060626C6F636B202833206C6576656C732920696E203C636C6173733A5261696C7469653E270A2F7661722F7777772F636F6E2D7261696C732F7368617265642F62756E646C652F727562792F322E342E302F67656D732F616374697665737570706F72742D352E312E342F6C69622F6163746976655F737570706F72742F63616C6C6261636B732E72623A3131373A696E2060696E7374616E63655F65786563270A2F7661722F7777772F636F6E2D7261696C732F7368617265642F62756E646C652F727562792F322E342E302F67656D732F616374697665737570706F72742D352E312E342F6C69622F6163746976655F737570706F72742F63616C6C6261636B732E72623A3131373A696E2060626C6F636B20696E2072756E5F63616C6C6261636B73270A2F7661722F7777772F636F6E2D7261696C732F7368617265642F62756E646C652F727562792F322E342E302F67656D732F616374697665737570706F72742D352E312E342F6C69622F6163746976655F737570706F72742F63616C6C6261636B732E72623A3133353A696E206072756E5F63616C6C6261636B73270A2F7661722F7777772F636F6E2D7261696C732F7368617265642F62756E646C652F727562792F322E342E302F67656D732F6163746976656A6F622D352E312E342F6C69622F6163746976655F6A6F622F657865637574696F6E2E72623A32303A696E206065786563757465270A2F7661722F7777772F636F6E2D7261696C732F7368617265642F62756E646C652F727562792F322E342E302F67656D732F6163746976656A6F622D352E312E342F6C69622F6163746976655F6A6F622F71756575655F61646170746572732F64656C617965645F6A6F625F616461707465722E72623A33363A696E2060706572666F726D270A2F7661722F7777772F636F6E2D7261696C732F7368617265642F62756E646C652F727562792F322E342E302F67656D732F64656C617965645F6A6F622D342E312E342F6C69622F64656C617965642F6261636B656E642F626173652E72623A38313A696E2060626C6F636B20696E20696E766F6B655F6A6F62270A2F7661722F7777772F636F6E2D7261696C732F7368617265642F62756E646C652F727562792F322E342E302F67656D732F64656C617965645F6A6F622D342E312E342F6C69622F64656C617965642F6C6966656379636C652E72623A36313A696E2060626C6F636B20696E20696E697469616C697A65270A2F7661722F7777772F636F6E2D7261696C732F7368617265642F62756E646C652F727562792F322E342E302F67656D732F64656C617965645F6A6F622D342E312E342F6C69622F64656C617965642F6C6966656379636C652E72623A36363A696E206065786563757465270A2F7661722F7777772F636F6E2D7261696C732F7368617265642F62756E646C652F727562792F322E342E302F67656D732F64656C617965645F6A6F622D342E312E342F6C69622F64656C617965642F6C6966656379636C652E72623A34303A696E206072756E5F63616C6C6261636B73270A2F7661722F7777772F636F6E2D7261696C732F7368617265642F62756E646C652F727562792F322E342E302F67656D732F64656C617965645F6A6F622D342E312E342F6C69622F64656C617965642F6261636B656E642F626173652E72623A37383A696E2060696E766F6B655F6A6F62270A2F7661722F7777772F636F6E2D7261696C732F7368617265642F62756E646C652F727562792F322E342E302F67656D732F64656C617965645F6A6F622D342E312E342F6C69622F64656C617965642F776F726B65722E72623A3233303A696E2060626C6F636B202832206C6576656C732920696E2072756E270A2F7573722F6C6F63616C2F72766D2F7275626965732F727562792D322E342E312F6C69622F727562792F322E342E302F74696D656F75742E72623A39333A696E2060626C6F636B20696E2074696D656F7574270A2F7573722F6C6F63616C2F72766D2F7275626965732F727562792D322E342E312F6C69622F727562792F322E342E302F74696D656F75742E72623A3130333A696E206074696D656F7574270A2F7661722F7777772F636F6E2D7261696C732F7368617265642F62756E646C652F727562792F322E342E302F67656D732F64656C617965645F6A6F622D342E312E342F6C69622F64656C617965642F776F726B65722E72623A3233303A696E2060626C6F636B20696E2072756E270A2F7573722F6C6F63616C2F72766D2F7275626965732F727562792D322E342E312F6C69622F727562792F322E342E302F62656E63686D61726B2E72623A3330383A696E20607265616C74696D65270A2F7661722F7777772F636F6E2D7261696C732F7368617265642F62756E646C652F727562792F322E342E302F67656D732F64656C617965645F6A6F622D342E312E342F6C69622F64656C617965642F776F726B65722E72623A3232393A696E206072756E270A2F7661722F7777772F636F6E2D7261696C732F7368617265642F62756E646C652F727562792F322E342E302F67656D732F64656C617965645F6A6F622D342E312E342F6C69622F64656C617965642F776F726B65722E72623A3331323A696E2060626C6F636B20696E20726573657276655F616E645F72756E5F6F6E655F6A6F62270A2F7661722F7777772F636F6E2D7261696C732F7368617265642F62756E646C652F727562792F322E342E302F67656D732F64656C617965645F6A6F622D342E312E342F6C69622F64656C617965642F6C6966656379636C652E72623A36313A696E2060626C6F636B20696E20696E697469616C697A65270A2F7661722F7777772F636F6E2D7261696C732F7368617265642F62756E646C652F727562792F322E342E302F67656D732F64656C617965645F6A6F622D342E312E342F6C69622F64656C617965642F6C6966656379636C652E72623A36363A696E206065786563757465270A2F7661722F7777772F636F6E2D7261696C732F7368617265642F62756E646C652F727562792F322E342E302F67656D732F64656C617965645F6A6F622D342E312E342F6C69622F64656C617965642F6C6966656379636C652E72623A34303A696E206072756E5F63616C6C6261636B73270A2F7661722F7777772F636F6E2D7261696C732F7368617265642F62756E646C652F727562792F322E342E302F67656D732F64656C617965645F6A6F622D342E312E342F6C69622F64656C617965642F776F726B65722E72623A3331323A696E2060726573657276655F616E645F72756E5F6F6E655F6A6F62270A2F7661722F7777772F636F6E2D7261696C732F7368617265642F62756E646C652F727562792F322E342E302F67656D732F64656C617965645F6A6F622D342E312E342F6C69622F64656C617965642F776F726B65722E72623A3231333A696E2060626C6F636B20696E20776F726B5F6F6666270A2F7661722F7777772F636F6E2D7261696C732F7368617265642F62756E646C652F727562792F322E342E302F67656D732F64656C617965645F6A6F622D342E312E342F6C69622F64656C617965642F776F726B65722E72623A3231323A696E206074696D6573270A2F7661722F7777772F636F6E2D7261696C732F7368617265642F62756E646C652F727562792F322E342E302F67656D732F64656C617965645F6A6F622D342E312E342F6C69622F64656C617965642F776F726B65722E72623A3231323A696E2060776F726B5F6F6666270A2F7661722F7777772F636F6E2D7261696C732F7368617265642F62756E646C652F727562792F322E342E302F67656D732F64656C617965645F6A6F622D342E312E342F6C69622F64656C617965642F776F726B65722E72623A3137353A696E2060626C6F636B202834206C6576656C732920696E207374617274270A2F7573722F6C6F63616C2F72766D2F7275626965732F727562792D322E342E312F6C69622F727562792F322E342E302F62656E63686D61726B2E72623A3330383A696E20607265616C74696D65270A2F7661722F7777772F636F6E2D7261696C732F7368617265642F62756E646C652F727562792F322E342E302F67656D732F64656C617965645F6A6F622D342E312E342F6C69622F64656C617965642F776F726B65722E72623A3137343A696E2060626C6F636B202833206C6576656C732920696E207374617274270A2F7661722F7777772F636F6E2D7261696C732F7368617265642F62756E646C652F727562792F322E342E302F67656D732F64656C617965645F6A6F622D342E312E342F6C69622F64656C617965642F6C6966656379636C652E72623A36313A696E2060626C6F636B20696E20696E697469616C697A65270A2F7661722F7777772F636F6E2D7261696C732F7368617265642F62756E646C652F727562792F322E342E302F67656D732F64656C617965645F6A6F622D342E312E342F6C69622F64656C617965642F6C6966656379636C652E72623A36363A696E206065786563757465270A2F7661722F7777772F636F6E2D7261696C732F7368617265642F62756E646C652F727562792F322E342E302F67656D732F64656C617965645F6A6F622D342E312E342F6C69622F64656C617965642F6C6966656379636C652E72623A34303A696E206072756E5F63616C6C6261636B73270A2F7661722F7777772F636F6E2D7261696C732F7368617265642F62756E646C652F727562792F322E342E302F67656D732F64656C617965645F6A6F622D342E312E342F6C69622F64656C617965642F776F726B65722E72623A3137333A696E2060626C6F636B202832206C6576656C732920696E207374617274270A2F7661722F7777772F636F6E2D7261696C732F7368617265642F62756E646C652F727562792F322E342E302F67656D732F64656C617965645F6A6F622D342E312E342F6C69622F64656C617965642F776F726B65722E72623A3137323A696E20606C6F6F70270A2F7661722F7777772F636F6E2D7261696C732F7368617265642F62756E646C652F727562792F322E342E302F67656D732F64656C617965645F6A6F622D342E312E342F6C69622F64656C617965642F776F726B65722E72623A3137323A696E2060626C6F636B20696E207374617274270A2F7661722F7777772F636F6E2D7261696C732F7368617265642F62756E646C652F727562792F322E342E302F67656D732F64656C617965645F6A6F622D342E312E342F6C69622F64656C617965642F706C7567696E732F636C6561725F6C6F636B732E72623A373A696E2060626C6F636B202832206C6576656C732920696E203C636C6173733A436C6561724C6F636B733E270A2F7661722F7777772F636F6E2D7261696C732F7368617265642F62756E646C652F727562792F322E342E302F67656D732F64656C617965645F6A6F622D342E312E342F6C69622F64656C617965642F6C6966656379636C652E72623A37393A696E2060626C6F636B202832206C6576656C732920696E20616464270A2F7661722F7777772F636F6E2D7261696C732F7368617265642F62756E646C652F727562792F322E342E302F67656D732F64656C617965645F6A6F622D342E312E342F6C69622F64656C617965642F6C6966656379636C652E72623A36313A696E2060626C6F636B20696E20696E697469616C697A65270A2F7661722F7777772F636F6E2D7261696C732F7368617265642F62756E646C652F727562792F322E342E302F67656D732F64656C617965645F6A6F622D342E312E342F6C69622F64656C617965642F6C6966656379636C652E72623A37393A696E2060626C6F636B20696E20616464270A2F7661722F7777772F636F6E2D7261696C732F7368617265642F62756E646C652F727562792F322E342E302F67656D732F64656C617965645F6A6F622D342E312E342F6C69622F64656C617965642F6C6966656379636C652E72623A36363A696E206065786563757465270A2F7661722F7777772F636F6E2D7261696C732F7368617265642F62756E646C652F727562792F322E342E302F67656D732F64656C617965645F6A6F622D342E312E342F6C69622F64656C617965642F6C6966656379636C652E72623A34303A696E206072756E5F63616C6C6261636B73270A2F7661722F7777772F636F6E2D7261696C732F7368617265642F62756E646C652F727562792F322E342E302F67656D732F64656C617965645F6A6F622D342E312E342F6C69622F64656C617965642F776F726B65722E72623A3137313A696E20607374617274270A2F7661722F7777772F636F6E2D7261696C732F7368617265642F62756E646C652F727562792F322E342E302F67656D732F64656C617965645F6A6F622D342E312E342F6C69622F64656C617965642F636F6D6D616E642E72623A3133373A696E206072756E270A2F7661722F7777772F636F6E2D7261696C732F7368617265642F62756E646C652F727562792F322E342E302F67656D732F64656C617965645F6A6F622D342E312E342F6C69622F64656C617965642F636F6D6D616E642E72623A3132353A696E2060626C6F636B20696E2072756E5F70726F63657373270A2F7661722F7777772F636F6E2D7261696C732F7368617265642F62756E646C652F727562792F322E342E302F67656D732F6461656D6F6E732D312E322E362F6C69622F6461656D6F6E732F6170706C69636174696F6E2E72623A3237303A696E2060626C6F636B20696E2073746172745F70726F63270A2F7661722F7777772F636F6E2D7261696C732F7368617265642F62756E646C652F727562792F322E342E302F67656D732F6461656D6F6E732D312E322E362F6C69622F6461656D6F6E732F6461656D6F6E697A652E72623A38343A696E206063616C6C5F61735F6461656D6F6E270A2F7661722F7777772F636F6E2D7261696C732F7368617265642F62756E646C652F727562792F322E342E302F67656D732F6461656D6F6E732D312E322E362F6C69622F6461656D6F6E732F6170706C69636174696F6E2E72623A3237343A696E206073746172745F70726F63270A2F7661722F7777772F636F6E2D7261696C732F7368617265642F62756E646C652F727562792F322E342E302F67656D732F6461656D6F6E732D312E322E362F6C69622F6461656D6F6E732F6170706C69636174696F6E2E72623A3330303A696E20607374617274270A2F7661722F7777772F636F6E2D7261696C732F7368617265642F62756E646C652F727562792F322E342E302F67656D732F6461656D6F6E732D312E322E362F6C69622F6461656D6F6E732F6170706C69636174696F6E5F67726F75702E72623A3136313A696E2060626C6F636B202832206C6576656C732920696E2073746172745F616C6C270A2F7661722F7777772F636F6E2D7261696C732F7368617265642F62756E646C652F727562792F322E342E302F67656D732F6461656D6F6E732D312E322E362F6C69622F6461656D6F6E732F6170706C69636174696F6E5F67726F75702E72623A3136303A696E2060666F726B270A2F7661722F7777772F636F6E2D7261696C732F7368617265642F62756E646C652F727562792F322E342E302F67656D732F6461656D6F6E732D312E322E362F6C69622F6461656D6F6E732F6170706C69636174696F6E5F67726F75702E72623A3136303A696E2060626C6F636B20696E2073746172745F616C6C270A2F7661722F7777772F636F6E2D7261696C732F7368617265642F62756E646C652F727562792F322E342E302F67656D732F6461656D6F6E732D312E322E362F6C69622F6461656D6F6E732F6170706C69636174696F6E5F67726F75702E72623A3135393A696E206065616368270A2F7661722F7777772F636F6E2D7261696C732F7368617265642F62756E646C652F727562792F322E342E302F67656D732F6461656D6F6E732D312E322E362F6C69622F6461656D6F6E732F6170706C69636174696F6E5F67726F75702E72623A3135393A696E206073746172745F616C6C270A2F7661722F7777772F636F6E2D7261696C732F7368617265642F62756E646C652F727562792F322E342E302F67656D732F6461656D6F6E732D312E322E362F6C69622F6461656D6F6E732F636F6E74726F6C6C65722E72623A36363A696E206072756E270A2F7661722F7777772F636F6E2D7261696C732F7368617265642F62756E646C652F727562792F322E342E302F67656D732F6461656D6F6E732D312E322E362F6C69622F6461656D6F6E732E72623A3139373A696E2060626C6F636B20696E2072756E5F70726F63270A2F7661722F7777772F636F6E2D7261696C732F7368617265642F62756E646C652F727562792F322E342E302F67656D732F6461656D6F6E732D312E322E362F6C69622F6461656D6F6E732F636D646C696E652E72623A39323A696E206063617463685F657863657074696F6E73270A2F7661722F7777772F636F6E2D7261696C732F7368617265642F62756E646C652F727562792F322E342E302F67656D732F6461656D6F6E732D312E322E362F6C69622F6461656D6F6E732E72623A3139363A696E206072756E5F70726F63270A2F7661722F7777772F636F6E2D7261696C732F7368617265642F62756E646C652F727562792F322E342E302F67656D732F64656C617965645F6A6F622D342E312E342F6C69622F64656C617965642F636F6D6D616E642E72623A3132333A696E206072756E5F70726F63657373270A2F7661722F7777772F636F6E2D7261696C732F7368617265642F62756E646C652F727562792F322E342E302F67656D732F64656C617965645F6A6F622D342E312E342F6C69622F64656C617965642F636F6D6D616E642E72623A3131353A696E2060626C6F636B202832206C6576656C732920696E2073657475705F706F6F6C73270A2F7661722F7777772F636F6E2D7261696C732F7368617265642F62756E646C652F727562792F322E342E302F67656D732F64656C617965645F6A6F622D342E312E342F6C69622F64656C617965642F636F6D6D616E642E72623A3131333A696E206074696D6573270A2F7661722F7777772F636F6E2D7261696C732F7368617265642F62756E646C652F727562792F322E342E302F67656D732F64656C617965645F6A6F622D342E312E342F6C69622F64656C617965642F636F6D6D616E642E72623A3131333A696E2060626C6F636B20696E2073657475705F706F6F6C73270A2F7661722F7777772F636F6E2D7261696C732F7368617265642F62756E646C652F727562792F322E342E302F67656D732F64656C617965645F6A6F622D342E312E342F6C69622F64656C617965642F636F6D6D616E642E72623A3131313A696E206065616368270A2F7661722F7777772F636F6E2D7261696C732F7368617265642F62756E646C652F727562792F322E342E302F67656D732F64656C617965645F6A6F622D342E312E342F6C69622F64656C617965642F636F6D6D616E642E72623A3131313A696E206073657475705F706F6F6C73270A2F7661722F7777772F636F6E2D7261696C732F7368617265642F62756E646C652F727562792F322E342E302F67656D732F64656C617965645F6A6F622D342E312E342F6C69622F64656C617965642F636F6D6D616E642E72623A39323A696E20606461656D6F6E697A65270A62696E2F64656C617965645F6A6F623A353A696E20603C746F7020287265717569726564293E270A2F7573722F6C6F63616C2F72766D2F67656D732F727562792D322E342E3140636F6E2D7261696C732F67656D732F62756E646C65722D312E31362E312F6C69622F62756E646C65722F636C692F657865632E72623A37353A696E20606C6F6164270A2F7573722F6C6F63616C2F72766D2F67656D732F727562792D322E342E3140636F6E2D7261696C732F67656D732F62756E646C65722D312E31362E312F6C69622F62756E646C65722F636C692F657865632E72623A37353A696E20606B65726E656C5F6C6F6164270A2F7573722F6C6F63616C2F72766D2F67656D732F727562792D322E342E3140636F6E2D7261696C732F67656D732F62756E646C65722D312E31362E312F6C69622F62756E646C65722F636C692F657865632E72623A32383A696E206072756E270A2F7573722F6C6F63616C2F72766D2F67656D732F727562792D322E342E3140636F6E2D7261696C732F67656D732F62756E646C65722D312E31362E312F6C69622F62756E646C65722F636C692E72623A3432343A696E206065786563270A2F7573722F6C6F63616C2F72766D2F67656D732F727562792D322E342E3140636F6E2D7261696C732F67656D732F62756E646C65722D312E31362E312F6C69622F62756E646C65722F76656E646F722F74686F722F6C69622F74686F722F636F6D6D616E642E72623A32373A696E206072756E270A2F7573722F6C6F63616C2F72766D2F67656D732F727562792D322E342E3140636F6E2D7261696C732F67656D732F62756E646C65722D312E31362E312F6C69622F62756E646C65722F76656E646F722F74686F722F6C69622F74686F722F696E766F636174696F6E2E72623A3132363A696E2060696E766F6B655F636F6D6D616E64270A2F7573722F6C6F63616C2F72766D2F67656D732F727562792D322E342E3140636F6E2D7261696C732F67656D732F62756E646C65722D312E31362E312F6C69622F62756E646C65722F76656E646F722F74686F722F6C69622F74686F722E72623A3338373A696E20606469737061746368270A2F7573722F6C6F63616C2F72766D2F67656D732F727562792D322E342E3140636F6E2D7261696C732F67656D732F62756E646C65722D312E31362E312F6C69622F62756E646C65722F636C692E72623A32373A696E20606469737061746368270A2F7573722F6C6F63616C2F72766D2F67656D732F727562792D322E342E3140636F6E2D7261696C732F67656D732F62756E646C65722D312E31362E312F6C69622F62756E646C65722F76656E646F722F74686F722F6C69622F74686F722F626173652E72623A3436363A696E20607374617274270A2F7573722F6C6F63616C2F72766D2F67656D732F727562792D322E342E3140636F6E2D7261696C732F67656D732F62756E646C65722D312E31362E312F6C69622F62756E646C65722F636C692E72623A31383A696E20607374617274270A2F7573722F6C6F63616C2F72766D2F67656D732F727562792D322E342E3140636F6E2D7261696C732F67656D732F62756E646C65722D312E31362E312F6578652F62756E646C653A33303A696E2060626C6F636B20696E203C746F7020287265717569726564293E270A2F7573722F6C6F63616C2F72766D2F67656D732F727562792D322E342E3140636F6E2D7261696C732F67656D732F62756E646C65722D312E31362E312F6C69622F62756E646C65722F667269656E646C795F6572726F72732E72623A3132323A696E2060776974685F667269656E646C795F6572726F7273270A2F7573722F6C6F63616C2F72766D2F67656D732F727562792D322E342E3140636F6E2D7261696C732F67656D732F62756E646C65722D312E31362E312F6578652F62756E646C653A32323A696E20603C746F7020287265717569726564293E270A2F7573722F6C6F63616C2F72766D2F67656D732F727562792D322E342E3140636F6E2D7261696C732F62696E2F62756E646C653A32333A696E20606C6F6164270A2F7573722F6C6F63616C2F72766D2F67656D732F727562792D322E342E3140636F6E2D7261696C732F62696E2F62756E646C653A32333A696E20603C6D61696E3E270A2F7573722F6C6F63616C2F72766D2F67656D732F727562792D322E342E3140636F6E2D7261696C732F62696E2F727562795F65786563757461626C655F686F6F6B733A31353A696E20606576616C270A2F7573722F6C6F63616C2F72766D2F67656D732F727562792D322E342E3140636F6E2D7261696C732F62696E2F727562795F65786563757461626C655F686F6F6B733A31353A696E20603C6D61696E3E27','2018-01-06 07:14:40',NULL,NULL,NULL,X'6D61696C657273','2018-01-02 12:15:42','2018-01-05 08:02:34');

/*!40000 ALTER TABLE `delayed_jobs` ENABLE KEYS */;
UNLOCK TABLES;


# Export von Tabelle event_registrations
# ------------------------------------------------------------

DROP TABLE IF EXISTS `event_registrations`;

CREATE TABLE `event_registrations` (
  `id` bigint(20) NOT NULL AUTO_INCREMENT,
  `event_id` bigint(20) DEFAULT NULL,
  `user_id` bigint(20) DEFAULT NULL,
  `created_at` datetime NOT NULL,
  `updated_at` datetime NOT NULL,
  PRIMARY KEY (`id`),
  KEY `index_event_registrations_on_event_id` (`event_id`),
  KEY `index_event_registrations_on_user_id` (`user_id`),
  CONSTRAINT `fk_rails_23148f43c2` FOREIGN KEY (`event_id`) REFERENCES `events` (`id`),
  CONSTRAINT `fk_rails_9d37217e35` FOREIGN KEY (`user_id`) REFERENCES `users` (`id`)
) ENGINE=InnoDB DEFAULT CHARSET=utf8 COLLATE=utf8_bin;

LOCK TABLES `event_registrations` WRITE;
/*!40000 ALTER TABLE `event_registrations` DISABLE KEYS */;

INSERT INTO `event_registrations` (`id`, `event_id`, `user_id`, `created_at`, `updated_at`)
VALUES
	(1,1,1,'2018-01-01 00:00:50','2018-01-01 00:00:50'),
	(2,1,6,'2018-01-01 00:01:47','2018-01-01 00:01:47'),
	(3,1,5,'2018-01-01 00:01:50','2018-01-01 00:01:50'),
	(4,1,3,'2018-01-01 00:02:13','2018-01-01 00:02:13'),
	(5,1,2,'2018-01-01 00:03:47','2018-01-01 00:03:47'),
	(6,1,8,'2018-01-01 00:05:12','2018-01-01 00:05:12'),
	(7,1,9,'2018-01-01 00:07:36','2018-01-01 00:07:36'),
	(8,1,10,'2018-01-01 00:10:04','2018-01-01 00:10:04'),
	(9,1,11,'2018-01-01 00:17:43','2018-01-01 00:17:43'),
	(10,1,4,'2018-01-01 00:26:54','2018-01-01 00:26:54'),
	(11,1,12,'2018-01-01 00:30:43','2018-01-01 00:30:43'),
	(12,1,13,'2018-01-01 00:31:04','2018-01-01 00:31:04'),
	(13,1,14,'2018-01-01 00:33:16','2018-01-01 00:33:16'),
	(14,1,15,'2018-01-01 01:28:43','2018-01-01 01:28:43'),
	(15,1,15,'2018-01-01 01:35:05','2018-01-01 01:35:05'),
	(16,1,16,'2018-01-01 03:02:47','2018-01-01 03:02:47'),
	(17,1,17,'2018-01-01 07:43:57','2018-01-01 07:43:57'),
	(18,1,18,'2018-01-01 08:32:00','2018-01-01 08:32:00'),
	(19,1,19,'2018-01-01 08:58:14','2018-01-01 08:58:14'),
	(20,1,21,'2018-01-01 09:38:33','2018-01-01 09:38:33'),
	(21,1,22,'2018-01-01 09:56:42','2018-01-01 09:56:42'),
	(22,1,23,'2018-01-01 10:02:01','2018-01-01 10:02:01'),
	(23,1,24,'2018-01-01 11:18:26','2018-01-01 11:18:26'),
	(24,1,25,'2018-01-01 11:26:05','2018-01-01 11:26:05'),
	(25,1,26,'2018-01-01 11:29:37','2018-01-01 11:29:37'),
	(26,1,27,'2018-01-01 12:17:36','2018-01-01 12:17:36'),
	(27,1,28,'2018-01-01 12:31:00','2018-01-01 12:31:00'),
	(28,1,29,'2018-01-01 12:35:51','2018-01-01 12:35:51'),
	(29,1,30,'2018-01-01 12:39:27','2018-01-01 12:39:27'),
	(30,1,31,'2018-01-01 12:48:53','2018-01-01 12:48:53'),
	(31,1,33,'2018-01-01 13:10:42','2018-01-01 13:10:42'),
	(32,1,32,'2018-01-01 13:13:29','2018-01-01 13:13:29'),
	(33,1,7,'2018-01-01 13:17:07','2018-01-01 13:17:07'),
	(34,1,35,'2018-01-01 13:33:48','2018-01-01 13:33:48'),
	(35,1,34,'2018-01-01 13:35:38','2018-01-01 13:35:38'),
	(36,1,36,'2018-01-01 14:02:42','2018-01-01 14:02:42'),
	(37,1,38,'2018-01-01 14:07:50','2018-01-01 14:07:50'),
	(38,1,37,'2018-01-01 14:12:36','2018-01-01 14:12:36'),
	(39,1,39,'2018-01-01 14:34:27','2018-01-01 14:34:27'),
	(40,1,40,'2018-01-01 14:47:51','2018-01-01 14:47:51'),
	(41,1,41,'2018-01-01 18:04:12','2018-01-01 18:04:12'),
	(42,1,42,'2018-01-01 18:19:02','2018-01-01 18:19:02'),
	(43,1,43,'2018-01-01 18:28:20','2018-01-01 18:28:20'),
	(44,1,44,'2018-01-01 18:38:31','2018-01-01 18:38:31'),
	(45,1,45,'2018-01-01 20:21:48','2018-01-01 20:21:48'),
	(46,1,46,'2018-01-01 20:44:14','2018-01-01 20:44:14'),
	(47,1,47,'2018-01-01 20:45:21','2018-01-01 20:45:21'),
	(48,1,46,'2018-01-01 20:46:31','2018-01-01 20:46:31'),
	(49,1,48,'2018-01-01 21:12:07','2018-01-01 21:12:07'),
	(50,1,49,'2018-01-01 21:22:11','2018-01-01 21:22:11'),
	(51,1,50,'2018-01-01 23:11:57','2018-01-01 23:11:57'),
	(52,1,51,'2018-01-02 00:30:11','2018-01-02 00:30:11'),
	(53,1,53,'2018-01-02 09:52:25','2018-01-02 09:52:25'),
	(54,1,54,'2018-01-02 09:54:44','2018-01-02 09:54:44'),
	(55,1,54,'2018-01-02 09:55:33','2018-01-02 09:55:33'),
	(56,1,20,'2018-01-02 10:03:54','2018-01-02 10:03:54'),
	(57,1,56,'2018-01-02 12:19:55','2018-01-02 12:19:55'),
	(58,1,57,'2018-01-02 12:57:25','2018-01-02 12:57:25'),
	(59,1,58,'2018-01-02 16:04:10','2018-01-02 16:04:10'),
	(60,1,59,'2018-01-02 18:08:04','2018-01-02 18:08:04'),
	(61,1,60,'2018-01-02 18:19:59','2018-01-02 18:19:59'),
	(62,1,61,'2018-01-02 19:09:25','2018-01-02 19:09:25'),
	(63,1,27,'2018-01-02 19:13:44','2018-01-02 19:13:44'),
	(64,1,62,'2018-01-02 20:12:52','2018-01-02 20:12:52'),
	(65,1,63,'2018-01-03 11:52:04','2018-01-03 11:52:04'),
	(66,1,64,'2018-01-03 12:03:12','2018-01-03 12:03:12'),
	(67,1,65,'2018-01-03 13:35:54','2018-01-03 13:35:54'),
	(68,1,52,'2018-01-03 14:39:19','2018-01-03 14:39:19'),
	(69,1,52,'2018-01-03 14:43:51','2018-01-03 14:43:51'),
	(70,1,67,'2018-01-03 18:54:42','2018-01-03 18:54:42'),
	(71,1,67,'2018-01-03 18:58:50','2018-01-03 18:58:50'),
	(72,1,66,'2018-01-03 22:27:04','2018-01-03 22:27:04'),
	(73,1,69,'2018-01-04 10:32:29','2018-01-04 10:32:29'),
	(74,1,70,'2018-01-04 11:28:11','2018-01-04 11:28:11'),
	(75,1,71,'2018-01-04 11:34:39','2018-01-04 11:34:39'),
	(76,1,72,'2018-01-04 12:52:54','2018-01-04 12:52:54'),
	(77,1,73,'2018-01-04 13:16:51','2018-01-04 13:16:51');

/*!40000 ALTER TABLE `event_registrations` ENABLE KEYS */;
UNLOCK TABLES;


# Export von Tabelle event_registrations_participants
# ------------------------------------------------------------

DROP TABLE IF EXISTS `event_registrations_participants`;

CREATE TABLE `event_registrations_participants` (
  `event_registration_id` bigint(20) NOT NULL,
  `participant_id` bigint(20) NOT NULL
) ENGINE=InnoDB DEFAULT CHARSET=utf8 COLLATE=utf8_bin;

LOCK TABLES `event_registrations_participants` WRITE;
/*!40000 ALTER TABLE `event_registrations_participants` DISABLE KEYS */;

INSERT INTO `event_registrations_participants` (`event_registration_id`, `participant_id`)
VALUES
	(1,1),
	(2,2),
	(3,3),
	(3,4),
	(4,5),
	(4,6),
	(5,7),
	(6,8),
	(7,9),
	(7,10),
	(7,11),
	(7,12),
	(8,13),
	(9,14),
	(10,15),
	(10,16),
	(10,17),
	(10,18),
	(10,19),
	(11,20),
	(12,21),
	(13,22),
	(14,23),
	(15,24),
	(16,25),
	(16,26),
	(17,27),
	(17,28),
	(18,29),
	(19,30),
	(20,31),
	(20,32),
	(20,33),
	(20,34),
	(21,35),
	(21,36),
	(21,37),
	(21,38),
	(22,39),
	(23,40),
	(23,41),
	(24,42),
	(25,43),
	(25,44),
	(26,45),
	(26,46),
	(26,47),
	(27,48),
	(28,49),
	(29,50),
	(30,51),
	(30,52),
	(30,53),
	(30,54),
	(31,55),
	(31,56),
	(32,57),
	(32,58),
	(33,59),
	(34,60),
	(35,61),
	(36,62),
	(36,63),
	(37,64),
	(38,65),
	(39,66),
	(40,67),
	(41,68),
	(41,69),
	(41,70),
	(42,71),
	(42,72),
	(42,73),
	(42,74),
	(43,75),
	(44,76),
	(45,77),
	(46,78),
	(47,79),
	(48,80),
	(49,81),
	(49,82),
	(49,83),
	(50,84),
	(51,85),
	(51,86),
	(51,87),
	(51,88),
	(51,89),
	(52,90),
	(52,91),
	(52,92),
	(53,93),
	(54,94),
	(55,95),
	(56,96),
	(56,97),
	(56,98),
	(57,99),
	(58,100),
	(58,101),
	(58,102),
	(58,103),
	(58,104),
	(59,105),
	(60,106),
	(60,107),
	(60,108),
	(60,109),
	(61,110),
	(62,111),
	(63,112),
	(63,113),
	(63,114),
	(64,115),
	(64,116),
	(64,117),
	(64,118),
	(65,119),
	(65,120),
	(65,121),
	(65,122),
	(66,123),
	(67,124),
	(67,125),
	(67,126),
	(68,127),
	(69,128),
	(70,129),
	(71,130),
	(71,131),
	(71,132),
	(72,133),
	(73,134),
	(73,135),
	(73,136),
	(73,137),
	(74,138),
	(75,139),
	(76,140),
	(76,141),
	(77,142);

/*!40000 ALTER TABLE `event_registrations_participants` ENABLE KEYS */;
UNLOCK TABLES;


# Export von Tabelle events
# ------------------------------------------------------------

DROP TABLE IF EXISTS `events`;

CREATE TABLE `events` (
  `id` bigint(20) NOT NULL AUTO_INCREMENT,
  `name` varchar(255) COLLATE utf8_bin DEFAULT NULL,
  `start_date` date DEFAULT NULL,
  `end_date` date DEFAULT NULL,
  `max_participants` int(11) DEFAULT NULL,
  `full_price` decimal(10,0) DEFAULT NULL,
  `youth` decimal(10,0) DEFAULT NULL,
  `child` decimal(10,0) DEFAULT NULL,
  `status` varchar(255) COLLATE utf8_bin DEFAULT NULL,
  `created_at` datetime NOT NULL,
  `updated_at` datetime NOT NULL,
  PRIMARY KEY (`id`)
) ENGINE=InnoDB DEFAULT CHARSET=utf8 COLLATE=utf8_bin;

LOCK TABLES `events` WRITE;
/*!40000 ALTER TABLE `events` DISABLE KEYS */;

INSERT INTO `events` (`id`, `name`, `start_date`, `end_date`, `max_participants`, `full_price`, `youth`, `child`, `status`, `created_at`, `updated_at`)
VALUES
	(1,X'54686520457465726E616C20436F6E76656E74696F6E2032303138','2018-05-18','2018-05-21',140,129,49,39,X'66756C6C','2017-12-31 21:33:14','2018-01-05 12:06:00');

/*!40000 ALTER TABLE `events` ENABLE KEYS */;
UNLOCK TABLES;


# Export von Tabelle participants
# ------------------------------------------------------------

DROP TABLE IF EXISTS `participants`;

CREATE TABLE `participants` (
  `id` bigint(20) NOT NULL AUTO_INCREMENT,
  `first_name` varchar(255) COLLATE utf8_bin DEFAULT NULL,
  `last_name` varchar(255) COLLATE utf8_bin DEFAULT NULL,
  `nickname` varchar(255) COLLATE utf8_bin DEFAULT NULL,
  `country` varchar(255) COLLATE utf8_bin DEFAULT NULL,
  `postcode` varchar(255) COLLATE utf8_bin DEFAULT NULL,
  `birthdate` date DEFAULT NULL,
  `user_id` bigint(20) DEFAULT NULL,
  `created_at` datetime NOT NULL,
  `updated_at` datetime NOT NULL,
  PRIMARY KEY (`id`),
  UNIQUE KEY `index_participants_on_user_id` (`user_id`),
  UNIQUE KEY `index_participants_on_first_name_and_last_name_and_birthdate` (`first_name`,`last_name`,`birthdate`),
  CONSTRAINT `fk_rails_b9a3c50f15` FOREIGN KEY (`user_id`) REFERENCES `users` (`id`)
) ENGINE=InnoDB DEFAULT CHARSET=utf8 COLLATE=utf8_bin;

LOCK TABLES `participants` WRITE;
/*!40000 ALTER TABLE `participants` DISABLE KEYS */;

INSERT INTO `participants` (`id`, `first_name`, `last_name`, `nickname`, `country`, `postcode`, `birthdate`, `user_id`, `created_at`, `updated_at`)
VALUES
	(1,X'4A756C6961',X'526177636C69666665',X'4A756C6961',X'4445',X'3530363638','1989-01-17',NULL,'2018-01-01 00:00:50','2018-01-01 00:00:50'),
	(2,X'5068696C6970',X'476C617373',X'',X'4348',X'','1975-06-05',NULL,'2018-01-01 00:01:47','2018-01-01 00:01:47'),
	(3,X'54686F6D6173',X'4C616E67',X'546F6D',X'4445',X'3533383432','1970-08-30',NULL,'2018-01-01 00:01:50','2018-01-01 00:01:50'),
	(4,X'4D6178696D696C69616E',X'4C616E67',X'4D6178',X'4445',X'3533383432','2008-07-10',NULL,'2018-01-01 00:01:50','2018-01-01 00:01:50'),
	(5,X'48616E6E6168',X'4B6F707065747A',X'48616E6E6168',X'4445',X'3438313631','1989-08-30',NULL,'2018-01-01 00:02:13','2018-01-01 00:02:13'),
	(6,X'526F62696E',X'4D69747261',X'526F62696E',X'4445',X'3438313631','1973-04-07',NULL,'2018-01-01 00:02:13','2018-01-01 00:02:13'),
	(7,X'416E6472657720',X'52696368617264736F6E',X'416E64726577',X'4742',X'','1969-04-11',NULL,'2018-01-01 00:03:47','2018-01-01 00:03:47'),
	(8,X'44616E69656C',X'5A61756D736567656C',X'4F6E6B656C20442E',X'4445',X'3937303834','1978-04-03',NULL,'2018-01-01 00:05:12','2018-01-01 00:05:12'),
	(9,X'526F6D616E',X'4967756D6E6F76',X'4D61642049676F72',X'4445',X'3130323433','1980-05-12',NULL,'2018-01-01 00:07:36','2018-01-01 00:07:36'),
	(10,X'556C72696B65',X'5374616E676E6572',X'',X'4445',X'3130323433','1973-09-18',NULL,'2018-01-01 00:07:36','2018-01-01 00:07:36'),
	(11,X'456C696173',X'4967756D6E6F76',X'',X'4445',X'3130323433','2003-06-13',NULL,'2018-01-01 00:07:36','2018-01-01 00:07:36'),
	(12,X'4461766964',X'4967756D6E6F76',X'',X'4445',X'3130323433','2007-02-26',NULL,'2018-01-01 00:07:36','2018-01-01 00:07:36'),
	(13,X'53746566616E',X'47726176656D65796572',X'53746566616E',X'4445',X'3533323235','1979-06-06',NULL,'2018-01-01 00:10:04','2018-01-01 00:10:04'),
	(14,X'4D696B6B6F',X'546F726D616C61',X'4D696B6B6F',X'5553',X'','1983-07-22',NULL,'2018-01-01 00:17:43','2018-01-01 00:17:43'),
	(15,X'53656261737469616E',X'507269636B696E67',X'53656261737469616E',X'4445',X'3738313132','1979-02-20',NULL,'2018-01-01 00:26:54','2018-01-01 00:26:54'),
	(16,X'416E6E65747465',X'507269636B696E67',X'416E6E65747465',X'4445',X'3738313132','1979-11-22',NULL,'2018-01-01 00:26:54','2018-01-01 00:26:54'),
	(17,X'457661',X'507269636B696E67',X'457661',X'4445',X'3738313132','2008-05-24',NULL,'2018-01-01 00:26:54','2018-01-01 00:26:54'),
	(18,X'4C697361',X'507269636B696E67',X'4C697361',X'4445',X'3738313132','2012-03-07',NULL,'2018-01-01 00:26:54','2018-01-01 00:26:54'),
	(19,X'5361726168',X'507269636B696E67',X'5361726168',X'4445',X'3738313132','2015-07-15',NULL,'2018-01-01 00:26:54','2018-01-01 00:26:54'),
	(20,X'4D69636861656C',X'4B7574736368616E',X'4D69636861',X'4445',X'3130333635','1975-10-02',NULL,'2018-01-01 00:30:43','2018-01-01 00:30:43'),
	(21,X'4A6F686E',X'76616E204B7269656B656E',X'',X'4E4C',X'','1956-05-12',NULL,'2018-01-01 00:31:04','2018-01-01 00:31:04'),
	(22,X'53796C766965',X'52656E7A',X'',X'4445',X'3130333635','1974-08-08',NULL,'2018-01-01 00:33:16','2018-01-01 00:33:16'),
	(23,X'547265737379',X'447269766572',X'547265737379',X'4742',X'','1974-06-26',NULL,'2018-01-01 01:28:43','2018-01-01 01:28:43'),
	(24,X'436F6C696E',X'447269766572',X'436F6C696E',X'4742',X'','1960-09-27',NULL,'2018-01-01 01:35:05','2018-01-01 01:35:05'),
	(25,X'4865696E72696368',X'48656C6D73',X'4865696E69',X'4445',X'3231323434','1959-03-13',NULL,'2018-01-01 03:02:47','2018-01-01 03:02:47'),
	(26,X'4D6178',X'5765696E6D616E6E',X'',X'4445',X'3231323739','1991-01-29',NULL,'2018-01-01 03:02:47','2018-01-01 03:02:47'),
	(27,X'42617A7A',X'486F6674696A7A6572',X'42617A7A',X'4E4C',X'','1971-07-24',NULL,'2018-01-01 07:43:58','2018-01-01 07:43:58'),
	(28,X'457374686572',X'42656E6A65727420486F6674696A7A6572',X'457374686572',X'4E4C',X'','1970-04-06',NULL,'2018-01-01 07:43:58','2018-01-01 07:43:58'),
	(29,X'53656261737469616E',X'4BC3B6726E6572',X'4261737469',X'4445',X'3133333531','1972-12-30',NULL,'2018-01-01 08:32:00','2018-01-01 08:32:00'),
	(30,X'5065746572',X'5472616379',X'42616C617A6172204C69676874736F6E',X'4155',X'','1970-09-16',NULL,'2018-01-01 08:58:14','2018-01-01 08:58:14'),
	(31,X'4B7269737469616E',X'4C6574746175',X'4B72692D5368616E',X'4445',X'3233383538','1975-09-03',NULL,'2018-01-01 09:38:33','2018-01-01 09:38:33'),
	(32,X'4B617472696E',X'4C6574746175',X'4B617472696E',X'4445',X'3233383538','1980-10-19',NULL,'2018-01-01 09:38:33','2018-01-01 09:38:33'),
	(33,X'4C656E61',X'4C6574746175',X'4C656E69',X'4445',X'3233383538','2010-12-14',NULL,'2018-01-01 09:38:33','2018-01-01 09:38:33'),
	(34,X'466C6F68',X'4C6574746175',X'466C6F68',X'4445',X'3233383538','2018-04-27',NULL,'2018-01-01 09:38:33','2018-01-01 09:38:33'),
	(35,X'496E676F',X'5769656E656B65',X'6E6F7468696E67',X'4445',X'3430353969','1976-09-13',NULL,'2018-01-01 09:56:42','2018-01-01 09:56:42'),
	(36,X'4E6164696E65',X'5769656E656B6520',X'',X'4445',X'','1977-01-07',NULL,'2018-01-01 09:56:42','2018-01-01 09:56:42'),
	(37,X'456D6D61',X'5769656E656B65',X'',X'4445',X'','2010-04-03',NULL,'2018-01-01 09:56:42','2018-01-01 09:56:42'),
	(38,X'4C61757261',X'5769656E656B65',X'',X'4445',X'','2014-11-17',NULL,'2018-01-01 09:56:42','2018-01-01 09:56:42'),
	(39,X'4F6C69766572',X'5363686D696474',X'4F6C69766572',X'4445',X'3731303833','1973-01-01',NULL,'2018-01-01 10:02:01','2018-01-01 10:02:01'),
	(40,X'466C6F7269616E',X'4861726474',X'466C6F7269616E',X'4445',X'3731303833','1974-01-01',NULL,'2018-01-01 11:18:26','2018-01-01 11:18:26'),
	(41,X'416E6E65',X'4861726474',X'416E6E65',X'4445',X'3731303833','1980-01-01',NULL,'2018-01-01 11:18:26','2018-01-01 11:18:26'),
	(42,X'42',X'50696E6368',X'427269616E',X'4155',X'','2018-01-01',NULL,'2018-01-01 11:26:05','2018-01-01 11:26:05'),
	(43,X'456C6D6172',X'5468657773',X'4C656E7A',X'4445',X'3230303939','1974-07-09',NULL,'2018-01-01 11:29:37','2018-01-01 11:29:37'),
	(44,X'5061756C61',X'5468657773',X'5061756C61',X'4445',X'3230303939','2008-07-01',NULL,'2018-01-01 11:29:37','2018-01-01 11:29:37'),
	(45,X'426F726973',X'5261657363686C6572',X'426F7269735468655261757065',X'4445',X'3130323433','1975-01-01',NULL,'2018-01-01 12:17:36','2018-01-01 12:17:36'),
	(46,X'4C696E7573',X'4765726F6C64',X'',X'4445',X'3130323433','2004-01-01',NULL,'2018-01-01 12:17:36','2018-01-01 12:17:36'),
	(47,X'4C696E61',X'4765726F6C64',X'',X'4445',X'','2009-01-01',NULL,'2018-01-01 12:17:36','2018-01-01 12:17:36'),
	(48,X'446F72696E61',X'566173656C',X'',X'4445',X'3239323233','1979-10-15',NULL,'2018-01-01 12:31:00','2018-01-01 12:31:00'),
	(49,X'526F6C616E64',X'46697363686572',X'46697363686C',X'4445',X'3231323434','1962-01-13',NULL,'2018-01-01 12:35:51','2018-01-01 12:35:51'),
	(50,X'546F727374656E',X'4E6F72646D616E6E',X'546F747469',X'4445',X'3330393636','1975-09-11',NULL,'2018-01-01 12:39:27','2018-01-01 12:39:27'),
	(51,X'5261696E6572',X'50697474656C6B6F77',X'5261696E6572',X'4445',X'3133353935','1976-09-12',NULL,'2018-01-01 12:48:53','2018-01-01 12:48:53'),
	(52,X'456D696C696F',X'427269746F',X'456D696C696F',X'4445',X'3133353935','2011-03-26',NULL,'2018-01-01 12:48:53','2018-01-01 12:48:53'),
	(53,X'4361726C61',X'427269746F',X'4361726C61',X'4445',X'3133353935','2014-09-28',NULL,'2018-01-01 12:48:53','2018-01-01 12:48:53'),
	(54,X'416E6E61',X'427269746F',X'416E6E61',X'4445',X'3133353935','1982-10-01',NULL,'2018-01-01 12:48:54','2018-01-01 12:48:54'),
	(55,X'47696E61204D61726961',X'576F6C66',X'',X'4445',X'3932333331','1991-10-07',NULL,'2018-01-01 13:10:42','2018-01-01 13:10:42'),
	(56,X'546F62696173',X'5363686D69646261756572',X'',X'4445',X'3932333331','1989-03-04',NULL,'2018-01-01 13:10:43','2018-01-01 13:10:43'),
	(57,X'4D61726C656E65',X'42656E646572',X'',X'4445',X'3530373333','1983-09-06',NULL,'2018-01-01 13:13:29','2018-01-01 13:13:29'),
	(58,X'45726963',X'447265696572',X'',X'4445',X'3530373333','1975-06-05',NULL,'2018-01-01 13:13:29','2018-01-01 13:13:29'),
	(59,X'416E6472656173',X'4C7574746572',X'416E6472656173',X'4445',X'3438333636','1986-08-05',NULL,'2018-01-01 13:17:07','2018-01-01 13:17:07'),
	(60,X'4B61727374656E',X'53617373656E62657267',X'4D492D474F',X'4445',X'3333363035','1973-09-19',NULL,'2018-01-01 13:33:48','2018-01-01 13:33:48'),
	(61,X'416E6E61',X'4C65686E68C3A475736572',X'416E6E61',X'4445',X'3431353634','1988-12-03',NULL,'2018-01-01 13:35:38','2018-01-01 13:35:38'),
	(62,X'52616C66',X'4672616E7A',X'',X'4445',X'3937303832','1978-01-09',NULL,'2018-01-01 14:02:42','2018-01-01 14:02:42'),
	(63,X'557465',X'5374656967657277616C64',X'',X'4445',X'3937303832','1999-06-30',NULL,'2018-01-01 14:02:42','2018-01-01 14:02:42'),
	(64,X'4A65616E',X'447572757074',X'4A65616E',X'4652',X'','1966-12-12',NULL,'2018-01-01 14:07:50','2018-01-01 14:07:50'),
	(65,X'4B616C696E',X'4B6164696576',X'4B616C696E',X'4247',X'','1988-02-26',NULL,'2018-01-01 14:12:36','2018-01-01 14:12:36'),
	(66,X'43687269737469616E',X'446F7576656E',X'',X'4445',X'3538353739','1973-03-19',NULL,'2018-01-01 14:34:27','2018-01-01 14:34:27'),
	(67,X'4A6F68616E',X'4C696E64686F6C6D',X'',X'4649',X'','1968-03-15',NULL,'2018-01-01 14:47:51','2018-01-01 14:47:51'),
	(68,X'416E6472656173',X'50697474656C6B6F77',X'50697474656C',X'4445',X'3633343530','1967-08-05',NULL,'2018-01-01 18:04:12','2018-01-01 18:04:12'),
	(69,X'4D61726965',X'4C65686D616E6E',X'4D61726965',X'4445',X'3633343530','2005-01-26',NULL,'2018-01-01 18:04:12','2018-01-01 18:04:12'),
	(70,X'4D61726C656E65',X'4672616E6B',X'4D61726C656E6520',X'4445',X'3633343530','2005-11-01',NULL,'2018-01-01 18:04:12','2018-01-01 18:04:12'),
	(71,X'54686F727374656E',X'5363687562657274',X'',X'4445',X'3535323138','1975-01-24',NULL,'2018-01-01 18:19:02','2018-01-01 18:19:02'),
	(72,X'416E67656C61',X'5363687562657274',X'',X'4445',X'3535323138','1972-02-24',NULL,'2018-01-01 18:19:02','2018-01-01 18:19:02'),
	(73,X'526562656B6B61',X'5363687562657274',X'',X'4445',X'3535323138','2005-06-30',NULL,'2018-01-01 18:19:02','2018-01-01 18:19:02'),
	(74,X'42656E6564696B74',X'5363687562657274',X'',X'4445',X'3535323138','2008-02-14',NULL,'2018-01-01 18:19:02','2018-01-01 18:19:02'),
	(75,X'5061747269636B',X'536F756C69676E6163',X'5061747269636B',X'4652',X'','1973-06-12',NULL,'2018-01-01 18:28:20','2018-01-01 18:28:20'),
	(76,X'537573616E6E65',X'4C65686D616E6E',X'53757369',X'4445',X'3633343530','1981-03-12',NULL,'2018-01-01 18:38:31','2018-01-01 18:38:31'),
	(77,X'4769616E6E69',X'5661636361',X'4769616E6E69',X'4652',X'','1968-03-05',NULL,'2018-01-01 20:21:48','2018-01-01 20:21:48'),
	(78,X'436861726C6F747465',X'44696E63686572',X'436861726C6F747465',X'4445',X'3238333239','1983-07-04',NULL,'2018-01-01 20:44:14','2018-01-01 20:44:14'),
	(79,X'4C65776973',X'4A617264696E65',X'4C65776973',X'4445',X'3238333239','1963-07-02',NULL,'2018-01-01 20:45:21','2018-01-01 20:45:21'),
	(80,X'3F3F3F',X'44696E63686572204A617264696E65',X'4C6576656C203020536964656B69636B',X'4445',X'3238333239','2018-03-16',NULL,'2018-01-01 20:46:31','2018-01-01 20:46:31'),
	(81,X'53696D6F6E',X'4869626273',X'',X'4742',X'','1966-09-26',NULL,'2018-01-01 21:12:07','2018-01-01 21:12:07'),
	(82,X'436174686572696E65',X'4869626273',X'',X'4742',X'','2003-09-17',NULL,'2018-01-01 21:12:07','2018-01-01 21:12:07'),
	(83,X'47656E657669657665',X'4869626273',X'',X'4742',X'','2004-12-08',NULL,'2018-01-01 21:12:07','2018-01-01 21:12:07'),
	(84,X'5374656666656E',X'466C61676765',X'5374656666656E',X'4445',X'3438313631','1994-02-23',NULL,'2018-01-01 21:22:11','2018-01-01 21:22:11'),
	(85,X'56616E65737361',X'5761746B696E73',X'56',X'4445',X'3731303833','1979-06-15',NULL,'2018-01-01 23:11:57','2018-01-01 23:11:57'),
	(86,X'53656261737469616E',X'536368756C6572',X'536562',X'4445',X'3731303833','1973-12-21',NULL,'2018-01-01 23:11:57','2018-01-01 23:11:57'),
	(87,X'5669746573',X'5761746B696E73',X'',X'4445',X'3731303833','2011-11-20',NULL,'2018-01-01 23:11:57','2018-01-01 23:11:57'),
	(88,X'4B696B69',X'5761746B696E73',X'',X'4445',X'3731303833','2014-08-27',NULL,'2018-01-01 23:11:57','2018-01-01 23:11:57'),
	(89,X'59756C',X'5761746B696E73',X'',X'4445',X'3731303833','2014-08-27',NULL,'2018-01-01 23:11:57','2018-01-01 23:11:57'),
	(90,X'48656E6B',X'4C616E676576656C64',X'48656E6B',X'4E4C',X'','1961-05-28',NULL,'2018-01-02 00:30:11','2018-01-02 00:30:11'),
	(91,X'4A65726F656E',X'4C616E676576656C64',X'4A65726F656E',X'4E4C',X'','1999-08-27',NULL,'2018-01-02 00:30:11','2018-01-02 00:30:11'),
	(92,X'53746566616E',X'4C616E676576656C64',X'53746566616E',X'4E4C',X'','1991-06-11',NULL,'2018-01-02 00:30:11','2018-01-02 00:30:11'),
	(93,X'4D69636861656C',X'4C65696D656E6D65696572',X'4C656D6D79',X'4445',X'3434313433','1973-07-20',NULL,'2018-01-02 09:52:26','2018-01-02 09:52:26'),
	(94,X'546F6E79',X'4D6974746F6E',X'',X'4742',X'','1967-09-24',NULL,'2018-01-02 09:54:44','2018-01-02 09:54:44'),
	(95,X'456C7973736961',X'4D63436F726D69636B',X'',X'4742',X'','1980-11-18',NULL,'2018-01-02 09:55:33','2018-01-02 09:55:33'),
	(96,X'4D61726C6F6573',X'4672697368657274',X'4D61726C6F6573',X'4E4C',X'','1979-10-10',NULL,'2018-01-02 10:03:54','2018-01-02 10:03:54'),
	(97,X'54696A6D656E',X'566572686F6576656E',X'54696A6D656E',X'4E4C',X'','1978-06-06',NULL,'2018-01-02 10:03:54','2018-01-02 10:03:54'),
	(98,X'4C75756B',X'566572686F6576656E',X'4C75756B',X'4E4C',X'','2011-12-20',NULL,'2018-01-02 10:03:54','2018-01-02 10:03:54'),
	(99,X'53636F7474',X'416B657273',X'',X'5553',X'','1986-03-17',NULL,'2018-01-02 12:19:55','2018-01-02 12:19:55'),
	(100,X'4A616E',X'446F626572737465696E',X'6A616C6F6769736368',X'4445',X'3434363239','1978-11-08',NULL,'2018-01-02 12:57:25','2018-01-02 12:57:25'),
	(101,X'48656E7269',X'446F626572737465696E',X'5369722048656E7269',X'4445',X'3434363239','2008-06-06',NULL,'2018-01-02 12:57:25','2018-01-02 12:57:25'),
	(102,X'4A6F726973',X'576965637A6F72656B',X'466C656465726D617573',X'4445',X'3434363237','2007-10-08',NULL,'2018-01-02 12:57:25','2018-01-02 12:57:25'),
	(103,X'416E6472656173',X'536368C3B66E',X'4275747A656D616E6E',X'4445',X'3839313530','1977-03-08',NULL,'2018-01-02 12:57:25','2018-01-02 12:57:25'),
	(104,X'4E696C73',X'53746575726572',X'4E6965736C',X'4445',X'3839323331','1990-01-07',NULL,'2018-01-02 12:57:25','2018-01-02 12:57:25'),
	(105,X'54696D6F',X'4D616C766973616C6F',X'',X'4649',X'','1982-11-01',NULL,'2018-01-02 16:04:10','2018-01-02 16:04:10'),
	(106,X'4E696B6F',X'456B657274',X'4E696B',X'4445',X'3731303833','1973-02-23',NULL,'2018-01-02 18:08:04','2018-01-02 18:08:04'),
	(107,X'496E6573',X'42C3B6747463686572',X'456965726C696BC3B6726BC3BC6B656E',X'4445',X'3731303833','1977-12-02',NULL,'2018-01-02 18:08:04','2018-01-02 18:08:04'),
	(108,X'4B6C617261',X'456B657274',X'4B6C617261',X'4445',X'3731303833','2002-12-30',NULL,'2018-01-02 18:08:04','2018-01-02 18:08:04'),
	(109,X'49736162656C6C',X'4D61727175617274',X'497361',X'4445',X'3731303833','2002-09-24',NULL,'2018-01-02 18:08:04','2018-01-02 18:08:04'),
	(110,X'5068696C697070',X'4B75636B75636B',X'',X'4445',X'','1975-11-01',NULL,'2018-01-02 18:19:59','2018-01-02 18:19:59'),
	(111,X'416E6472656173',X'446569636B65',X'4F7261636C65',X'4445',X'3831323431','1958-08-25',NULL,'2018-01-02 19:09:25','2018-01-02 19:09:25'),
	(112,X'4A756C6961',X'44726F7761747A6B79',X'4A756C6961',X'4445',X'3031343435','1980-01-02',NULL,'2018-01-02 19:13:44','2018-01-02 19:13:44'),
	(113,X'5061756C61',X'44726F7761747A6B79',X'5061756C61',X'4445',X'3031343435','2008-01-02',NULL,'2018-01-02 19:13:44','2018-01-02 19:13:44'),
	(114,X'4C7564776967',X'44726F7761747A6B79',X'4C7564776967',X'4445',X'3031343435','2011-01-02',NULL,'2018-01-02 19:13:44','2018-01-02 19:13:44'),
	(115,X'4469726B',X'5473636869727363686E69747A',X'4469726B54',X'4445',X'3234323134','1975-10-23',NULL,'2018-01-02 20:12:52','2018-01-02 20:12:52'),
	(116,X'42617262617261',X'4D6174686961732D5473636869727363686E69747A',X'42617262617261',X'4445',X'3234323134','1978-10-21',NULL,'2018-01-02 20:12:52','2018-01-02 20:12:52'),
	(117,X'41726E65',X'5473636869727363686E69747A',X'41726E65',X'4445',X'3234323134','2012-12-15',NULL,'2018-01-02 20:12:52','2018-01-02 20:12:52'),
	(118,X'4E696C73',X'5473636869727363686E69747A',X'4E696C73',X'4445',X'','2016-05-12',NULL,'2018-01-02 20:12:52','2018-01-02 20:12:52'),
	(119,X'4C6F756973',X'4B6F6C6B6D616E',X'436C796477696368',X'4E4C',X'','1963-02-28',NULL,'2018-01-03 11:52:04','2018-01-03 11:52:04'),
	(120,X'4F64696C65',X'4A616E73656E',X'',X'4E4C',X'','1967-07-31',NULL,'2018-01-03 11:52:04','2018-01-03 11:52:04'),
	(121,X'526F656C616E64',X'4B6F6C6B6D616E',X'',X'4E4C',X'','2001-01-23',NULL,'2018-01-03 11:52:04','2018-01-03 11:52:04'),
	(122,X'446F6F72',X'4B6F6C6B6D616E',X'',X'4E4C',X'','2003-04-19',NULL,'2018-01-03 11:52:04','2018-01-03 11:52:04'),
	(123,X'56617373696C',X'4D696861696C6F76',X'56617373696C',X'4247',X'','1989-11-01',NULL,'2018-01-03 12:03:12','2018-01-03 12:03:12'),
	(124,X'4F6C6C69',X'4B616E746F6C61',X'4F6C6C69',X'4649',X'','1982-02-28',NULL,'2018-01-03 13:35:54','2018-01-03 13:35:54'),
	(125,X'4C65696C61',X'536F696B6B6F6E656E',X'4C65696C61',X'4649',X'','1981-08-13',NULL,'2018-01-03 13:35:54','2018-01-03 13:35:54'),
	(126,X'53616761',X'4B616E746F6C61',X'53616761',X'4649',X'','2017-03-03',NULL,'2018-01-03 13:35:54','2018-01-03 13:35:54'),
	(127,X'4C75747A',X'5265696D6572732D526177636C69666665',X'',X'4445',X'3530363638','1954-09-29',NULL,'2018-01-03 14:39:19','2018-01-03 14:39:19'),
	(128,X'4B656C6C79',X'526177636C69666665',X'',X'4445',X'3530363638','1959-01-30',NULL,'2018-01-03 14:43:51','2018-01-03 14:43:51'),
	(129,X'4A656666',X'52696368617264',X'',X'4445',X'3134303532','1968-10-18',NULL,'2018-01-03 18:54:42','2018-01-03 18:54:42'),
	(130,X'436C6175646961',X'4C6F726F6666',X'',X'4445',X'3134303532','1972-09-10',NULL,'2018-01-03 18:58:50','2018-01-03 18:58:50'),
	(131,X'46696E6E',X'4C6F726F66662D52696368617264',X'',X'4445',X'3134303532','2009-07-15',NULL,'2018-01-03 18:58:50','2018-01-03 18:58:50'),
	(132,X'4C617261',X'4C6F726F66662D52696368617264',X'',X'4445',X'3134303532','2012-03-12',NULL,'2018-01-03 18:58:51','2018-01-03 18:58:51'),
	(133,X'52696368617264',X'5065727279',X'52696368',X'4742',X'','1965-12-14',NULL,'2018-01-03 22:27:04','2018-01-03 22:27:04'),
	(134,X'5665726461',X'436F6C6465776579',X'',X'4445',X'3238383739','1974-05-16',NULL,'2018-01-04 10:32:30','2018-01-04 10:32:30'),
	(135,X'4865696E657220',X'436F6C6465776579',X'',X'4445',X'3238383739','1972-05-12',NULL,'2018-01-04 10:32:30','2018-01-04 10:32:30'),
	(136,X'566963746F726961',X'436F6C6465776579',X'',X'4445',X'3238383739','2010-02-05',NULL,'2018-01-04 10:32:30','2018-01-04 10:32:30'),
	(137,X'4F6C69766961',X'436F6C6465776579',X'',X'4445',X'3238383739','2012-02-01',NULL,'2018-01-04 10:32:30','2018-01-04 10:32:30'),
	(138,X'54686F6D6173',X'48C3B6686E65',X'4E7961726C79',X'4445',X'3434313439','1966-07-26',NULL,'2018-01-04 11:28:11','2018-01-04 11:28:11'),
	(139,X'43687269737469616E',X'45696E73706F726E',X'45696E69',X'4445',X'3130363235','1967-11-04',NULL,'2018-01-04 11:34:39','2018-01-04 11:34:39'),
	(140,X'4B65617279',X'4269726368',X'4B65617279',X'4742',X'','1961-07-29',NULL,'2018-01-04 12:52:54','2018-01-04 12:52:54'),
	(141,X'43687269737469616E',X'4269726368',X'43687269737469616E',X'4742',X'','1995-12-12',NULL,'2018-01-04 12:52:54','2018-01-04 12:52:54'),
	(142,X'537475617274',X'4D6F757369722D4861727269736F6E',X'4472204D6F6F7365',X'4742',X'','1968-04-18',NULL,'2018-01-04 13:16:51','2018-01-04 13:16:51');

/*!40000 ALTER TABLE `participants` ENABLE KEYS */;
UNLOCK TABLES;


# Export von Tabelle schema_migrations
# ------------------------------------------------------------

DROP TABLE IF EXISTS `schema_migrations`;

CREATE TABLE `schema_migrations` (
  `version` varchar(255) COLLATE utf8_bin NOT NULL,
  PRIMARY KEY (`version`)
) ENGINE=InnoDB DEFAULT CHARSET=utf8 COLLATE=utf8_bin;

LOCK TABLES `schema_migrations` WRITE;
/*!40000 ALTER TABLE `schema_migrations` DISABLE KEYS */;

INSERT INTO `schema_migrations` (`version`)
VALUES
	(X'3230313730383230313732323537'),
	(X'3230313730383230313732333437'),
	(X'3230313730383239303132393139'),
	(X'3230313731313139313431323439'),
	(X'3230313731313139313435333539'),
	(X'3230313731313139313530343233'),
	(X'3230313731323237313734353137'),
	(X'3230313731323238303832353234');

/*!40000 ALTER TABLE `schema_migrations` ENABLE KEYS */;
UNLOCK TABLES;


# Export von Tabelle users
# ------------------------------------------------------------

DROP TABLE IF EXISTS `users`;

CREATE TABLE `users` (
  `id` bigint(20) NOT NULL AUTO_INCREMENT,
  `email` varchar(255) COLLATE utf8_bin NOT NULL DEFAULT '',
  `encrypted_password` varchar(255) COLLATE utf8_bin NOT NULL DEFAULT '',
  `reset_password_token` varchar(255) COLLATE utf8_bin DEFAULT NULL,
  `reset_password_sent_at` datetime DEFAULT NULL,
  `remember_created_at` datetime DEFAULT NULL,
  `sign_in_count` int(11) NOT NULL DEFAULT '0',
  `current_sign_in_at` datetime DEFAULT NULL,
  `last_sign_in_at` datetime DEFAULT NULL,
  `current_sign_in_ip` varchar(255) COLLATE utf8_bin DEFAULT NULL,
  `last_sign_in_ip` varchar(255) COLLATE utf8_bin DEFAULT NULL,
  `confirmation_token` varchar(255) COLLATE utf8_bin DEFAULT NULL,
  `confirmed_at` datetime DEFAULT NULL,
  `confirmation_sent_at` datetime DEFAULT NULL,
  `unconfirmed_email` varchar(255) COLLATE utf8_bin DEFAULT NULL,
  `created_at` datetime NOT NULL,
  `updated_at` datetime NOT NULL,
  PRIMARY KEY (`id`),
  UNIQUE KEY `index_users_on_email` (`email`),
  UNIQUE KEY `index_users_on_reset_password_token` (`reset_password_token`),
  UNIQUE KEY `index_users_on_confirmation_token` (`confirmation_token`)
) ENGINE=InnoDB DEFAULT CHARSET=utf8 COLLATE=utf8_bin;

LOCK TABLES `users` WRITE;
/*!40000 ALTER TABLE `users` DISABLE KEYS */;

INSERT INTO `users` (`id`, `email`, `encrypted_password`, `reset_password_token`, `reset_password_sent_at`, `remember_created_at`, `sign_in_count`, `current_sign_in_at`, `last_sign_in_at`, `current_sign_in_ip`, `last_sign_in_ip`, `confirmation_token`, `confirmed_at`, `confirmation_sent_at`, `unconfirmed_email`, `created_at`, `updated_at`)
VALUES
	(1,X'726177636C696666652E6A756C696140676D61696C2E636F6D',X'24326124313124596932624A55477571596F4E7357784236485273596532632F364665304458465A714E6C594F337552596F67394C58736144394E6D',NULL,NULL,NULL,2,'2017-12-31 23:16:00','2017-12-31 22:53:04',X'38392E302E33362E3831',X'38392E302E33362E3831',X'6D7152587A58356E3563756A55676837586A6B48','2017-12-31 22:52:59','2017-12-31 22:51:11',NULL,'2017-12-31 22:51:11','2017-12-31 23:16:00'),
	(2,X'68616C64616E40686F746D61696C2E636F2E756B',X'243261243131247259573834396F427638384C64675454742E4947312E797367566F585145714E6938725678645941473258336847545251734C4D43',NULL,NULL,NULL,1,'2017-12-31 22:57:55','2017-12-31 22:57:55',X'39302E3139342E31382E313431',X'39302E3139342E31382E313431',X'454D7A5766466935797A522D7837504A592D7951','2017-12-31 22:57:38','2017-12-31 22:54:15',NULL,'2017-12-31 22:54:15','2017-12-31 22:57:55'),
	(3,X'726F62696E616E64726F696440676D61696C2E636F6D',X'243261243131245A494A72572F42635A7A2E435654444475556D55552E57575165396357554234744C416F6F2F4F76646B52756E6F5959536F4D6279',NULL,NULL,NULL,1,'2017-12-31 23:18:11','2017-12-31 23:18:11',X'39332E3230372E3134392E313037',X'39332E3230372E3134392E313037',X'647A31434D487951716A312D6179795A62666338','2017-12-31 23:18:00','2017-12-31 23:17:38',NULL,'2017-12-31 23:17:38','2017-12-31 23:18:11'),
	(4,X'73656261737469616E707269636B696E6740676D782E6465',X'24326124313124525A6E79474637544E3562655642783245695A496F65426A4C524D51467352745A2E79566D6F687731423371356642385872412F79',NULL,NULL,NULL,1,'2017-12-31 23:29:53','2017-12-31 23:29:53',X'38392E3234342E3137352E3936',X'38392E3234342E3137352E3936',X'663855575139474D64476B4B656B7A506D2D466D','2017-12-31 23:29:35','2017-12-31 23:29:03',NULL,'2017-12-31 23:29:03','2018-01-01 00:27:36'),
	(5,X'666F6F6C63617440676D782E6E6574',X'2432612431312461754C6F2F3843644F4670646D38516D736F2E6B4F754F3848374B706D4457464A77576A4D4174334E4F5266656C46366E49616447',NULL,NULL,NULL,2,'2018-01-02 05:58:50','2017-12-31 23:35:36',X'38372E3135372E39352E323136',X'3137382E3230332E34342E313439',X'475A6E6F4C4A6F512D6A62664D77465856797134','2017-12-31 23:35:15','2017-12-31 23:35:02',NULL,'2017-12-31 23:35:02','2018-01-02 05:58:50'),
	(6,X'70676C61737340676D782E6E6574',X'243261243131247544464D686F67504D51536E4A32677A30314D6852653541595966704C6239386A3148466938337076732F6B54796B302F654E5A61',NULL,NULL,NULL,1,'2017-12-31 23:46:00','2017-12-31 23:46:00',X'3137382E3230332E34342E313439',X'3137382E3230332E34342E313439',X'79735F78626F6D6234695A6279526F6B4866646E','2017-12-31 23:45:43','2017-12-31 23:44:22',NULL,'2017-12-31 23:44:22','2017-12-31 23:46:00'),
	(7,X'616E64726561732E6C7574746572407961686F6F2E6465',X'243261243131244E77446A59776554756D42353065352F5A362F5A792E69684E554F3236766430677167397A55576671745A7230693235424D5A4B4F',NULL,NULL,'2018-01-01 13:15:16',2,'2018-01-01 13:15:16','2018-01-01 10:47:48',X'38342E3134392E33342E313236',X'38302E3138372E3130372E313731',X'56507172464244446B51393976536459745A6533','2018-01-01 10:47:12','2017-12-31 23:55:31',NULL,'2017-12-31 23:55:31','2018-01-01 13:15:16'),
	(8,X'64616E69656C40657465726E616C2D636F6E2E6465',X'243261243131242E525535672F694562716748414245553879643658654C4A35357833686647544F30734C4841766A37564E68703638377939374947',NULL,NULL,NULL,3,'2018-01-04 17:13:42','2018-01-04 15:26:38',X'3138382E3139322E3139372E313233',X'3133322E3138372E3136362E313135',X'67485170784C7962425538384479435973595947','2017-12-31 23:59:17','2017-12-31 23:58:41',NULL,'2017-12-31 23:58:41','2018-01-04 17:13:42'),
	(9,X'6967756D6E6F7640676D782E6E6574',X'243261243131243354716D704E474943464E5366763244373158614E654D4A2F6F674B466334463752537843584336654D6B7156775A68586F63744B',NULL,NULL,NULL,1,'2018-01-01 00:04:27','2018-01-01 00:04:27',X'39312E35382E3231372E323137',X'39312E35382E3231372E323137',X'4D597836684E7971654634436B36414E70455570','2018-01-01 00:04:08','2018-01-01 00:03:35',NULL,'2018-01-01 00:03:35','2018-01-01 00:04:27'),
	(10,X'73746566616E4067726176656D657965722E6465',X'243261243131244D4774714F61464C58324D394B307A782E50484A7A65556162514D38443249436B386975434649434C42566A734E666D5373563761',NULL,NULL,NULL,1,'2018-01-01 00:07:33','2018-01-01 00:07:33',X'3137382E3230332E34342E313439',X'3137382E3230332E34342E313439',X'39702D65616A64637961655376686972414C7032','2018-01-01 00:07:02','2018-01-01 00:05:25',NULL,'2018-01-01 00:05:25','2018-01-01 00:07:33'),
	(11,X'6D696B6B6F2E746F726D616C6140676D61696C2E636F6D',X'24326124313124466C624D45796A7161416B7666646968312E55636375656A4C2E686A524257796F38797A734C7736586E326C39765562657A336F79',NULL,NULL,'2018-01-01 00:16:59',1,'2018-01-01 00:16:59','2018-01-01 00:16:59',X'3137322E3235302E37352E3933',X'3137322E3235302E37352E3933',X'715976452D475A6D527A46786F6D6A447361357A','2018-01-01 00:16:47','2018-01-01 00:16:32',NULL,'2018-01-01 00:16:32','2018-01-01 00:16:59'),
	(12,X'7367767374756432407765622E6465',X'24326124313124305A4E51304F717062765337332F33346E374F62724F454D6D31314751503443654D78722E48507A6E44493147547938444F636179',NULL,NULL,'2018-01-01 00:29:52',1,'2018-01-01 00:29:52','2018-01-01 00:29:52',X'38302E3138372E3131312E3934',X'38302E3138372E3131312E3934',X'50795736793977647A4E70383931686273736738','2018-01-01 00:29:37','2018-01-01 00:28:44',NULL,'2018-01-01 00:28:44','2018-01-01 00:29:52'),
	(13,X'6A6F686E2E76616E2E6B7269656B656E40787334616C6C2E6E6C',X'24326124313124396548506952555A553930767859515A6B68476C6F653245745465394C54334F68566F304F6D7750734B664F54526F73592F337771',NULL,NULL,'2018-01-02 05:40:13',2,'2018-01-02 05:40:13','2018-01-01 00:30:11',X'38302E3130302E34352E323233',X'38302E3130302E34352E323233',X'5F4665796970553479445265444558703965477A','2018-01-01 00:29:42','2018-01-01 00:29:26',NULL,'2018-01-01 00:29:26','2018-01-02 05:40:13'),
	(14,X'73796C7669652E72656E7A40676D782E6465',X'243261243131247852337461613172764A4B704139594E512E764859652F6F634B5254677A4770324E4175742E2E31496E4B76304E7836394C6A594B',NULL,NULL,NULL,1,'2018-01-01 00:32:03','2018-01-01 00:32:03',X'322E3234372E3235312E313630',X'322E3234372E3235312E313630',X'58786F75637748702D4537596D7A555271397573','2018-01-01 00:31:15','2018-01-01 00:29:31',NULL,'2018-01-01 00:29:31','2018-01-01 00:32:03'),
	(15,X'7175617468696140686F746D61696C2E636F6D',X'2432612431312477654E37356346526C566968766B5354483743553575433452415375656D6533576F7579315A7A396B37777279596D6E685A514C47',NULL,NULL,NULL,1,'2018-01-01 01:26:28','2018-01-01 01:26:28',X'38322E31332E3231342E38',X'38322E31332E3231342E38',X'4E4E6E3145786E79694D6D38384B724D374D356D','2018-01-01 01:26:16','2018-01-01 01:25:07',NULL,'2018-01-01 01:25:07','2018-01-01 01:26:28'),
	(16,X'6865696E6968656C6D73406D61632E636F6D',X'24326124313124796B72764F3035423778563852424C564D3847787465334F31753054576A745A5941547173635A31547A4D46677A5A45463654724F',NULL,NULL,'2018-01-01 02:59:52',1,'2018-01-01 02:59:52','2018-01-01 02:59:52',X'38352E3232322E3231372E323032',X'38352E3232322E3231372E323032',X'655478705A6166587359737A6E6F5F6D71777775','2018-01-01 02:59:29','2018-01-01 02:58:42',NULL,'2018-01-01 02:58:42','2018-01-01 02:59:52'),
	(17,X'62617A7A40787334616C6C2E6E6C',X'243261243131245356367470754C67386E6C6955624759733757735A4F56704A43722E49455531586373742E705050774F784D5436364732727A4136',NULL,NULL,'2018-01-01 07:39:54',4,'2018-01-02 00:44:25','2018-01-01 09:08:54',X'38332E3136322E3137302E313836',X'38332E38302E3135312E323037',X'5978366B75695475526D72426D4746484D55737A','2018-01-01 07:39:13','2018-01-01 07:37:21',NULL,'2018-01-01 07:37:21','2018-01-02 00:44:25'),
	(18,X'73656261737469616E2E6B6F65726E65723140676D782E6465',X'2432612431312478366B4B4B386F675466352E674D6970626F4C38372E49454E2F52427536662F567A756E36657743306C423576553833784545334B',NULL,NULL,NULL,1,'2018-01-01 08:29:36','2018-01-01 08:29:36',X'38342E3139302E3133312E323232',X'38342E3139302E3133312E323232',X'71346B6A536B565179724D65765A485F72755F65','2018-01-01 08:29:04','2018-01-01 08:28:10',NULL,'2018-01-01 08:28:10','2018-01-01 08:29:36'),
	(19,X'67756E67756E67756E67756E67756E40686F746D61696C2E636F6D',X'243261243131245662394A544F56462F476141664274325A792F653165776F53705A654545442F6E6E414A672E78356978396E774E6B316F51753279',NULL,NULL,NULL,1,'2018-01-01 08:57:44','2018-01-01 08:57:44',X'34392E3138382E3135332E3437',X'34392E3138382E3135332E3437',X'426837484D745641336671534C61427245737A4C','2018-01-01 08:57:28','2018-01-01 08:56:05',NULL,'2018-01-01 08:56:05','2018-01-01 08:57:44'),
	(20,X'6D61726C6F6573667269736865727440686F746D61696C2E636F6D',X'2432612431312433742F35576C737A51522E4C6635525650655A52584F497866335378314D75687178702F6A4F377773506965716B77526634624643',NULL,NULL,'2018-01-02 09:57:57',4,'2018-01-02 20:57:54','2018-01-02 14:08:19',X'38332E38302E3135312E323037',X'38332E38302E3135312E323037',X'5170774D6A6B346D567959686278486532467A62','2018-01-02 09:31:44','2018-01-01 09:08:33',NULL,'2018-01-01 09:08:33','2018-01-02 20:57:54'),
	(21,X'6B72692D7368616E40676D782E6465',X'2432612431312450704D526148746F6B5A7165687073306F6C5252557556636C6A73317345446A7644477A4B78493939466532746B4F34426145694F',NULL,NULL,NULL,2,'2018-01-01 09:34:04','2018-01-01 09:33:42',X'37392E3235312E3134392E313039',X'37392E3235312E3134392E313039',X'4B58757071386A7547645F39387A47694B446951','2018-01-01 09:33:28','2018-01-01 09:22:54',NULL,'2018-01-01 09:22:54','2018-01-01 09:40:40'),
	(22,X'74616E63657240676D782E6465',X'24326124313124644535584355514F4455554230376146614D322F512E447751554A7A746E7A6B31734B453834343255526F4A505353732E61314675',NULL,NULL,'2018-01-01 09:43:16',1,'2018-01-01 09:43:16','2018-01-01 09:43:16',X'37392E3235312E3134392E313039',X'37392E3235312E3134392E313039',X'566D557A38744D59657A766D65777A5643367962','2018-01-01 09:42:50','2018-01-01 09:42:04',NULL,'2018-01-01 09:42:04','2018-01-01 09:43:16'),
	(23,X'6F6C697665722E7363686D6964742E3139373340676D61696C2E636F6D',X'243261243131242E414D582F4148476C556F5472666346632F48646F75422F6448334D314E2F356E4C37694A522E78584E7338566358313254354457',NULL,NULL,NULL,1,'2018-01-01 10:01:32','2018-01-01 10:01:32',X'322E3230342E3130362E3839',X'322E3230342E3130362E3839',X'4E437A45314C46514C5A6854574E3134395F3373','2018-01-01 10:01:16','2018-01-01 10:00:42',NULL,'2018-01-01 10:00:42','2018-01-01 10:01:32'),
	(24,X'666C6F7269616E2E686172647440676F6F676C656D61696C2E636F6D',X'24326124313124513858795A37626E6B6837797149636B396872517775553475785848514667704E6B4831506F482F3749623239395636556A4F3579',NULL,NULL,NULL,1,'2018-01-01 11:17:40','2018-01-01 11:17:40',X'3133342E332E3133342E313636',X'3133342E332E3133342E313636',X'7631693378395468364C5F7333566F3952513579','2018-01-01 11:17:38','2018-01-01 11:17:09',NULL,'2018-01-01 11:17:09','2018-01-01 11:17:40'),
	(25,X'657465726E616C636F6E636C6176654070696E63682E6E65742E6175',X'24326124313124637A7979685279356A744B6131774132354969352E657439526C61474644774A564371616D464D342F65665263746E735A6C443371',NULL,NULL,NULL,1,'2018-01-01 11:25:05','2018-01-01 11:25:05',X'36302E3232392E37332E3334',X'36302E3232392E37332E3334',X'73534C416F62445F56665279536F7A546F79454C','2018-01-01 11:24:38','2018-01-01 11:23:18',NULL,'2018-01-01 11:23:18','2018-01-01 11:25:05'),
	(26,X'656C6D61722E746865777340656C6D61722D74686577732E6465',X'243261243131243379446176786D6F455A4253412F576D7371356E78654A79374866706E5A71384E476338686F3177784E74424B63694E7A30764F4B',NULL,NULL,'2018-01-01 11:27:54',1,'2018-01-01 11:27:54','2018-01-01 11:27:54',X'36322E3232342E36312E35',X'36322E3232342E36312E35',X'733472554138376B69687976644A71744A627A53','2018-01-01 11:27:50','2018-01-01 11:24:14',NULL,'2018-01-01 11:24:14','2018-01-01 11:27:54'),
	(27,X'626F7269732E7261657363686C657240676D61696C2E636F6D',X'243261243131244C466E54466D394E556A7A5236322F4C4F317871674F4A75585A2E693734324D424B4A3757387A573579597A72794A4E344C634A6D',NULL,NULL,NULL,2,'2018-01-02 19:12:30','2018-01-01 12:16:25',X'38342E3137322E3232382E3630',X'38342E3137322E3232382E3630',X'735F73326D6B526B584D6848344E4A4667394369','2018-01-01 12:16:19','2018-01-01 12:16:01',NULL,'2018-01-01 12:16:01','2018-01-02 19:12:30'),
	(28,X'646F72696E61343434406D736E2E636F6D',X'2432612431312465644A436662715461484A41445359666964534A456556575970545578316A505A7532717A5635522E576E4857675A6D7874483671',NULL,NULL,NULL,1,'2018-01-01 12:30:01','2018-01-01 12:30:01',X'34362E38302E31372E323332',X'34362E38302E31372E323332',X'3650713665796F316B546D327A44536F7A686D35','2018-01-01 12:29:46','2018-01-01 12:27:56',NULL,'2018-01-01 12:27:56','2018-01-01 12:30:01'),
	(29,X'637962657266697363686C40742D6F6E6C696E652E6465',X'243261243131246F55696D615452365278474D4E634F586C2F4744452E544366624C4C78314E4577303343767739447646424B43507756704D4E324B',NULL,NULL,NULL,1,'2018-01-01 12:34:39','2018-01-01 12:34:39',X'38372E3138332E32352E323435',X'38372E3138332E32352E323435',X'797365664D79794B6A334C78796841734C6A666B','2018-01-01 12:34:18','2018-01-01 12:33:20',NULL,'2018-01-01 12:33:20','2018-01-01 12:34:39'),
	(30,X'736976617240676D782E6C69',X'24326124313124733473504D427057595A58542F70435567494D78366541547162647033626F4D2F744E4D61664F76636B7759736A5877577170374F',NULL,NULL,NULL,1,'2018-01-01 12:38:54','2018-01-01 12:38:54',X'37372E3138382E34362E323534',X'37372E3138382E34362E323534',X'65664250794E67336232456457764B3251696670','2018-01-01 12:38:49','2018-01-01 12:38:24',NULL,'2018-01-01 12:38:24','2018-01-01 12:38:54'),
	(31,X'70697474656C6B6F7740676D782E6E6574',X'2432612431312436466246544C743870776F52444D562F62617955727575435841795057766C51306E4C485065676746494242353461374F6A334B79',NULL,NULL,NULL,1,'2018-01-01 12:45:36','2018-01-01 12:45:36',X'38392E3230342E3133372E313236',X'38392E3230342E3133372E313236',X'796263764C506D4A7956564A487944594A6F7978','2018-01-01 12:45:19','2018-01-01 12:44:50',NULL,'2018-01-01 12:44:50','2018-01-01 12:45:36'),
	(32,X'6D40626974696F75732E6465',X'24326124313124746C6854794E5373394267657239774B35757577722E472E6E657367773331337A30627236435171472E6C5A66386563647836774B',NULL,NULL,NULL,1,'2018-01-01 13:11:54','2018-01-01 13:11:54',X'38392E3233332E37352E323238',X'38392E3233332E37352E323238',X'43487A52386A3747563571687975345452675F73','2018-01-01 13:07:34','2018-01-01 12:56:10',NULL,'2018-01-01 12:56:10','2018-01-01 13:11:54'),
	(33,X'67696E616D61726961776F6C6640676D61696C2E636F6D',X'243261243131244A2F494A76535051565674745A4D596267392F325175663334726A7A586A4A4456625038597A6D794A6467746A3272445843687343',NULL,NULL,NULL,1,'2018-01-01 13:09:27','2018-01-01 13:09:27',X'3135362E36372E3133372E323432',X'3135362E36372E3133372E323432',X'4E6464434D646D79564E79537873784741757539','2018-01-01 13:09:23','2018-01-01 13:09:00',NULL,'2018-01-01 13:09:00','2018-01-01 13:09:27'),
	(34,X'6F6E6174756B6940676D782E6465',X'243261243131244A3541472E58735168437852463231654643447878757A32653166663035344B6457594646433843724A5642753271744A4B797A53',NULL,NULL,NULL,1,'2018-01-01 13:34:52','2018-01-01 13:34:52',X'38372E3134332E3131302E313537',X'38372E3134332E3131302E313537',X'386B77365046506A396F67327353374A51357841','2018-01-01 13:34:41','2018-01-01 13:23:38',NULL,'2018-01-01 13:23:38','2018-01-01 13:34:52'),
	(35,X'72616C7A616B61726B407765622E6465',X'243261243131245444594A45304B613466726C472F43336259566F762E7968784175794441354B5975546F503357717A715576682E31505A58516536',NULL,NULL,NULL,1,'2018-01-01 13:33:04','2018-01-01 13:33:04',X'38372E3136302E3135352E313638',X'38372E3136302E3135352E313638',X'4174397A4B66767472414C56586B727562783859','2018-01-01 13:32:48','2018-01-01 13:31:23',NULL,'2018-01-01 13:31:23','2018-01-01 13:33:04'),
	(36,X'6D61696C4072616C662D6672616E7A2E6465',X'24326124313124356D45412E704A74532F67364670506164752E39632E7A34657152315557634A7031486C4B4B68756E6530506D515A5A68545A3036',NULL,NULL,'2018-01-01 14:00:14',1,'2018-01-01 14:00:14','2018-01-01 14:00:14',X'39352E39302E3232322E3338',X'39352E39302E3232322E3338',X'387475797872784C5F4A5347786D6746776E3377','2018-01-01 14:00:11','2018-01-01 13:59:26',NULL,'2018-01-01 13:59:26','2018-01-01 14:00:14'),
	(37,X'6B616C696E2E6B616469657640676D61696C2E636F6D',X'24326124313124666A6155317379364745472E3842676479696931524F45424734416635524B35367A5A795666744B58643363734E612E5071306A53',NULL,NULL,'2018-01-01 14:08:02',1,'2018-01-01 14:08:03','2018-01-01 14:08:03',X'39322E3234372E39392E313238',X'39322E3234372E39392E313238',X'477479377674654D6F4B72794B4C773553667532','2018-01-01 14:07:59','2018-01-01 14:03:38',NULL,'2018-01-01 14:03:38','2018-01-01 14:08:03'),
	(38,X'6475727570742E6A65616E406F72616E67652E6672',X'243261243131243567396F3866596C2F4355324152763667483271442E4E777777376F79382F375A4A4B41555550513048446B626832422F77463869',NULL,NULL,NULL,1,'2018-01-01 14:06:57','2018-01-01 14:06:57',X'39302E3130312E3131302E313837',X'39302E3130312E3131302E313837',X'5774757642775931576764584458344B4A436641','2018-01-01 14:06:31','2018-01-01 14:05:35',NULL,'2018-01-01 14:05:35','2018-01-01 14:06:57'),
	(39,X'63682E646F7576656E407765622E6465',X'243261243131246D533842686C45345777636E4D50393447705877322E7038767459536E4D376C69332F6376415A43383661507369384939486E5236',NULL,NULL,NULL,1,'2018-01-01 14:33:38','2018-01-01 14:33:38',X'38342E3135392E3235342E3233',X'38342E3135392E3235342E3233',X'5A6A7933756E567871354E6F4A487944486D7950','2018-01-01 14:33:35','2018-01-01 14:33:08',NULL,'2018-01-01 14:33:08','2018-01-01 14:33:38'),
	(40,X'6A6F70616C69406B6F7469706F727474692E6669',X'2432612431312432557052394A6D35417A4B69475632544A476F756575746942474D486F4B48546D56326346374E354437485545753364314B682F79',NULL,NULL,NULL,1,'2018-01-01 14:47:00','2018-01-01 14:47:00',X'38372E3130302E3139312E313439',X'38372E3130302E3139312E313439',X'694646582D5235315F673777754B39626D554D48','2018-01-01 14:46:41','2018-01-01 14:46:08',NULL,'2018-01-01 14:46:08','2018-01-01 14:49:09'),
	(41,X'616E64726561735F70697474656C6B6F77407765622E6465',X'24326124313124515865444E7275683062364258332F545A7848585A4F3677572F6D71344764774735533044555941685574777A3974663972654B36',NULL,NULL,'2018-01-01 18:00:40',2,'2018-01-01 20:41:06','2018-01-01 18:00:40',X'37372E3137392E33342E313830',X'3130392E34352E302E3538',X'7A4A4E4D79394E734B7176387352516741515456','2018-01-01 18:00:24','2018-01-01 18:00:03',NULL,'2018-01-01 18:00:03','2018-01-01 20:41:06'),
	(42,X'73636875626572745F74686F727374656E407765622E6465',X'243261243131247178417046316F763857585666534E7A2F567573524F427043745333576A5742344F362E79366E384C5638786C6134397439693579',NULL,NULL,NULL,1,'2018-01-01 18:16:42','2018-01-01 18:16:42',X'39332E3139372E39322E323035',X'39332E3139372E39322E323035',X'69426156794A686F4B4573656747667879695253','2018-01-01 18:16:26','2018-01-01 18:15:47',NULL,'2018-01-01 18:15:47','2018-01-01 18:16:42'),
	(43,X'7061747269636B2E736F756C69676E616340667265652E6672',X'243261243131242F714459436C5454765153774B426249756D514F3465512E2E61785067484242317A4E49365347534762614B715858674B306C4E65',NULL,NULL,NULL,1,'2018-01-01 18:27:31','2018-01-01 18:27:31',X'38302E3231342E32362E313136',X'38302E3231342E32362E313136',X'5F367A78574A506B6D6E4D334870675764586659','2018-01-01 18:27:27','2018-01-01 18:26:53',NULL,'2018-01-01 18:26:53','2018-01-01 18:27:31'),
	(44,X'737573696C65696E323240676D782E6465',X'24326124313124782F6A736D5A7A636A667368555A4261515356554C4F6A794634456341685159366B74494942795667636A66543043516A77463269',NULL,NULL,NULL,1,'2018-01-01 18:35:58','2018-01-01 18:35:58',X'352E32382E39362E3639',X'352E32382E39362E3639',X'6E7A7A4A4878537A5A4B6B4346776A5A4B45352D','2018-01-01 18:35:22','2018-01-01 18:34:07',NULL,'2018-01-01 18:34:07','2018-01-01 18:35:58'),
	(45,X'6769616E6E6965616E6E61407961686F6F2E636F6D',X'24326124313124426547694634734F374235686270464A336F324D444F36627364557A7A494A71786854546F37496B3471337A506E3943372F684D79',NULL,NULL,NULL,1,'2018-01-01 20:20:59','2018-01-01 20:20:59',X'38302E31322E33392E313733',X'38302E31322E33392E313733',X'4B546570396A4D6A7339364E6146766B6D464850','2018-01-01 20:20:53','2018-01-01 20:19:26',NULL,'2018-01-01 20:19:26','2018-01-01 20:20:59'),
	(46,X'636861726C6F7474652E626175737340676D782E6465',X'2432612431312474666B4C5A576671436E6A6156564F7A7077727735654163325157664A75556C3065476B70497575336B35475A65556B4F336C6932',NULL,NULL,'2018-01-01 20:43:19',1,'2018-01-01 20:43:19','2018-01-01 20:43:19',X'39342E3231372E3135302E3135',X'39342E3231372E3135302E3135',X'47787348537376695F6B46587A6677394B345941','2018-01-01 20:43:02','2018-01-01 20:42:01',NULL,'2018-01-01 20:42:01','2018-01-01 20:43:19'),
	(47,X'64722E6C657769732E6A617264696E6540676D61696C2E636F6D',X'243261243131242F345937656A4E784F6E2F646C426953725537494275534D627A394F4E4D6C73435A54595A39434977514F3148646A52324B553753',NULL,NULL,'2018-01-01 20:44:45',1,'2018-01-01 20:44:45','2018-01-01 20:44:45',X'39342E3231372E3135302E3135',X'39342E3231372E3135302E3135',X'767A7A4B71384D74764A387A594573547546364E','2018-01-01 20:44:39','2018-01-01 20:44:30',NULL,'2018-01-01 20:44:30','2018-01-01 20:44:45'),
	(48,X'73696D6F6E2E686962627340676D61696C2E636F6D',X'2432612431312470506B7A784373334E624E3255474D454A6B6369614F43715772342E706D2E682F69494B414268744F37726A536A59456D304F3053',NULL,NULL,NULL,1,'2018-01-01 21:09:26','2018-01-01 21:09:26',X'38362E3139312E31392E313339',X'38362E3139312E31392E313339',X'77335652756F5755637167554E59657632383339','2018-01-01 21:09:06','2018-01-01 21:08:29',NULL,'2018-01-01 21:08:29','2018-01-01 21:09:26'),
	(49,X'7374656666656E666C61676765407961686F6F2E6465',X'243261243131246D4C576F4F525A505759344874597273763435376E4F433272636D4A617475744D667743364B6E2E463457616966356A7777467875',NULL,NULL,NULL,1,'2018-01-01 21:21:00','2018-01-01 21:21:00',X'37372E3138312E34312E3831',X'37372E3138312E34312E3831',X'396B4B6767756F566E5564625F46626A36376341','2018-01-01 21:20:57','2018-01-01 21:20:45',NULL,'2018-01-01 21:20:45','2018-01-01 21:21:00'),
	(50,X'76616E657373612E7761746B696E7340676D782E6465',X'24326124313124516F48486E794E594A455831444E626647654673312E78644F56354F515456466669636B51744676733547556F3447423261374F43',NULL,NULL,NULL,1,'2018-01-01 23:07:22','2018-01-01 23:07:22',X'3137382E3230322E39382E313334',X'3137382E3230322E39382E313334',X'6F5934337271347A43797535614C6F2D6157536E','2018-01-01 23:07:10','2018-01-01 23:05:15',NULL,'2018-01-01 23:05:15','2018-01-01 23:07:22'),
	(51,X'68656E6B40686C616E676576656C642E6E6C',X'2432612431312435556A766A544A59447273482E68516B475A692E637565765945314C636A6D59514B4A383041474A664F584A434C4D722E4B397561',NULL,NULL,'2018-01-02 00:28:32',1,'2018-01-02 00:28:32','2018-01-02 00:28:32',X'38302E3130312E3233372E3432',X'38302E3130312E3233372E3432',X'7033586A597172717575576B7571442D3467576E','2018-01-02 00:28:24','2018-01-02 00:27:48',NULL,'2018-01-02 00:27:48','2018-01-02 00:28:32'),
	(52,X'6C75747A2E7265696D6572734074682D6B6F656C6E2E6465',X'2432612431312475363972734A622E4E5256516441494C666C736A4E4F45324C66637A4C3341764638682E515947764D6A4E6B4756616C5474506A47',NULL,NULL,NULL,2,'2018-01-03 14:36:48','2018-01-02 09:23:08',X'3133392E362E3138352E3431',X'3133392E362E3138352E3431',X'436A395A7973573635765A525850787358736E70','2018-01-02 09:22:39','2018-01-02 09:15:18',NULL,'2018-01-02 09:15:18','2018-01-03 14:36:48'),
	(53,X'6D6C65696D656E6D65696572406D652E636F6D',X'24326124313124484630364E51317935677068302E4E45786C68704F75476768616D3974674E5547452F414477412E74733663654C67765670633461',NULL,NULL,'2018-01-02 09:51:59',1,'2018-01-02 09:51:59','2018-01-02 09:51:59',X'3134312E38382E3233342E31',X'3134312E38382E3233342E31',X'767369374E61797869437851647A664A46565153','2018-01-02 09:51:56','2018-01-02 09:50:33',NULL,'2018-01-02 09:50:33','2018-01-02 09:51:59'),
	(54,X'746F6E7940746F6E796D6974746F6E2E636F6D',X'24326124313124713845796775662F2E496947342F70424770506E502E4C5A34444B54627749782E73375872346D70476C367A555231544257386432',NULL,NULL,'2018-01-02 09:54:00',1,'2018-01-02 09:54:00','2018-01-02 09:54:00',X'38362E31312E3137302E313935',X'38362E31312E3137302E313935',X'775937456B3234676D6344636959775A63485646','2018-01-02 09:53:42','2018-01-02 09:53:14',NULL,'2018-01-02 09:53:14','2018-01-02 09:54:00'),
	(55,X'737461636B34313340676D61696C2E2E636F6D',X'2432612431312437517658307051454F366E4D68366A684B586C342F4F4B69654F443536504A6F706447734E6A34643643746E783368363579763271',NULL,NULL,NULL,0,NULL,NULL,NULL,NULL,X'2D535F594E634B644B7634574E6433444A583345',NULL,'2018-01-02 12:15:42',NULL,'2018-01-02 12:15:42','2018-01-02 12:15:42'),
	(56,X'737461636B34313340676D61696C2E636F6D',X'24326124313124764B737A466F2E66537A654C546C52736F64417758754A507933592F306255735176506B622F383965522E577850395A715335744F',NULL,NULL,'2018-01-02 12:18:42',1,'2018-01-02 12:18:42','2018-01-02 12:18:42',X'3137332E3233392E3234302E313132',X'3137332E3233392E3234302E313132',X'4B52462D73574746526F6848725A6A73386D5476','2018-01-02 12:18:38','2018-01-02 12:18:19',NULL,'2018-01-02 12:18:19','2018-01-02 12:18:42'),
	(57,X'6A64406A616C6F6769732E6368',X'243261243131247846496577776957665969385A65434F36464E74334F424E49766D636A61486F476F337A356D70466A614C6F7166624D4578787571',NULL,NULL,NULL,2,'2018-01-02 13:52:04','2018-01-02 12:35:13',X'3137382E3230322E34332E3636',X'3137382E3230322E34332E3636',X'32443555566A344872767936344E633843475F50','2018-01-02 12:35:01','2018-01-02 12:28:05',NULL,'2018-01-02 12:28:05','2018-01-02 13:52:04'),
	(58,X'74696D6F2E6D616C766973616C6F40676D61696C2E636F6D',X'24326124313124512E4A74733444464F534C4E344E4F3031576376456579745042434647394F67594953353477795445757950776C7931542F747353',NULL,NULL,NULL,1,'2018-01-02 16:03:20','2018-01-02 16:03:20',X'3138382E3233382E38352E323339',X'3138382E3233382E38352E323339',X'51596537366D737A744D314735526B4368793170','2018-01-02 16:02:58','2018-01-02 16:02:27',NULL,'2018-01-02 16:02:27','2018-01-02 16:03:20'),
	(59,X'61736B2E6E696B40676D61696C2E636F6D',X'24326124313124576A3064314945484B704B6B6A6D44734E7A4A63632E6B4A4369515A586E4A67646B51765841585A454D69394E4450554F314E6F2E',NULL,NULL,NULL,1,'2018-01-02 17:26:27','2018-01-02 17:26:27',X'3130392E3139332E3135372E323230',X'3130392E3139332E3135372E323230',X'335A546A573152385634655A4E5641794A516D72','2018-01-02 17:26:14','2018-01-02 17:25:20',NULL,'2018-01-02 17:25:20','2018-01-02 17:26:27'),
	(60,X'7068696C6970702E6B75636B75636B407765622E6465',X'24326124313124684468762F4675426D6D4E6F784B3449343947454F656C4178584A6D7A592F377279332E434A6C3555754542494949644764366932',NULL,NULL,NULL,1,'2018-01-02 18:19:23','2018-01-02 18:19:23',X'39322E3232342E382E323134',X'39322E3232342E382E323134',X'377978747A42466E2D37695476784C6A6B73664C','2018-01-02 18:19:21','2018-01-02 18:18:22',NULL,'2018-01-02 18:18:22','2018-01-02 18:19:23'),
	(61,X'616E64726561732E646569636B6540742D6F6E6C696E652E6465',X'2432612431312446486F376335662E4B68384E416F32683855356F47653354565A5433324A6A3754315A324247367342725A4D4E4335797A47787957',NULL,NULL,NULL,1,'2018-01-02 19:08:23','2018-01-02 19:08:23',X'38302E3133312E3131362E3635',X'38302E3133312E3131362E3635',X'6D3156394E4D4473644E45576F62794E71705675','2018-01-02 19:08:01','2018-01-02 19:07:28',NULL,'2018-01-02 19:07:28','2018-01-02 19:08:23'),
	(62,X'642E7473636869727363686E69747A407765622E6465',X'24326124313124614564423950494857474A4C786B45666648357673756C2E70334764715957754E792E366442742F73684E57685558675052327153',NULL,NULL,NULL,1,'2018-01-02 19:56:47','2018-01-02 19:56:47',X'37382E35312E3134312E3635',X'37382E35312E3134312E3635',X'4C5F6A477638573146566759783839653637366E','2018-01-02 19:56:19','2018-01-02 19:55:54',NULL,'2018-01-02 19:55:54','2018-01-02 20:13:30'),
	(63,X'6C6F7569732E6B6F6C6B6D616E40676D61696C2E636F6D',X'24326124313124484B3778676F67466E453478307570333258666D464F78506636463677337A7774536977556A786E5551492E697073774B6A556565',NULL,NULL,'2018-01-03 11:48:38',1,'2018-01-03 11:48:38','2018-01-03 11:48:38',X'38302E3131332E3137322E313632',X'38302E3131332E3137322E313632',X'486F3356646A7045356238626F42705147342D32','2018-01-03 11:48:22','2018-01-03 11:46:32',NULL,'2018-01-03 11:46:32','2018-01-03 11:48:38'),
	(64,X'76617373696C6D696861696C6F7640676D61696C2E636F6D',X'243261243131246176504141436F703361316D4A76485653696F77534F6D30505865785430676354696F6A484468467266744E30526D615671575265',NULL,NULL,NULL,1,'2018-01-03 12:02:39','2018-01-03 12:02:39',X'3231332E3136392E34352E313130',X'3231332E3136392E34352E313130',X'556372795F414C3451764E6B5F652D3266577767','2018-01-03 12:02:36','2018-01-03 12:00:44',NULL,'2018-01-03 12:00:44','2018-01-03 12:02:39'),
	(65,X'6F6C6C692E6B616E746F6C6140676D61696C2E636F6D',X'2432612431312442787353525376724B6B534F59776B50706675647165364448376F664F697952514E53546E5946434C4B7A2F57674751704A675036',NULL,NULL,NULL,1,'2018-01-03 13:34:00','2018-01-03 13:34:00',X'3139362E35322E38342E3438',X'3139362E35322E38342E3438',X'515036584D5842747448753146464D676E5F4173','2018-01-03 13:33:38','2018-01-03 13:32:38',NULL,'2018-01-03 13:32:38','2018-01-03 13:34:00'),
	(66,X'727065727279383040736B792E636F6D',X'243261243131245877695A35636249375149634E474763594D6368386566702E536B367957494577506D486B6E6A6549624B71317962535976347232',X'62323536613833343937653237663964643964633830646436343139326666323737303633313638353463333935353930353561343931366362323831333638','2018-01-03 22:25:25','2018-01-03 16:01:55',2,'2018-01-03 22:11:40','2018-01-03 16:01:55',X'322E3132312E34332E3230',X'39302E3230302E3139372E323535',X'784D5A5762627957485845736A66716A71743252','2018-01-03 16:01:32','2018-01-03 16:00:24',NULL,'2018-01-03 16:00:24','2018-01-03 22:25:25'),
	(67,X'6A656666406368616F7369756D2E636F6D',X'243261243131244775693667432F4E4D58796E46336D444973674F377557576736432F31426E6936747148546741556C464149374567704567414432',NULL,NULL,'2018-01-03 18:57:40',2,'2018-01-03 18:57:40','2018-01-03 18:54:11',X'39312E36352E3136362E323131',X'39312E36352E3136362E323131',X'4A386F696F4B72774E576E7773512D4E62457634','2018-01-03 18:54:08','2018-01-03 18:53:52',NULL,'2018-01-03 18:53:52','2018-01-03 18:57:40'),
	(68,X'68656964652E6B726F6F73406A61746F2E636F6D',X'243261243131246E356247364333595646353567576A7177315431752E6231564B364D6B554C756F51704D6B6454344C394950495541756C464C6A47',NULL,NULL,NULL,1,'2018-01-04 10:27:12','2018-01-04 10:27:12',X'34362E38312E3135382E313931',X'34362E38312E3135382E313931',X'7A316F6F74785944536B4A4D5934397163554664','2018-01-04 10:26:44','2018-01-04 10:25:34',NULL,'2018-01-04 10:25:34','2018-01-04 10:27:12'),
	(69,X'76657264612E636F6C646577657940656D61696C2E6465',X'24326124313124563355457467393273454345573656677849633755753451576D567A4475483267574B62796B3463544F5A3251662F357363665343',NULL,NULL,'2018-01-04 10:30:25',1,'2018-01-04 10:30:25','2018-01-04 10:30:25',X'39312E34332E3131312E313736',X'39312E34332E3131312E313736',X'513779415773694A70384C787857674639637679','2018-01-04 10:30:15','2018-01-04 10:29:25',NULL,'2018-01-04 10:29:25','2018-01-04 10:30:25'),
	(70,X'666163656C657373676F6440676D782E6465',X'2432612431312475592E4D685073796E67354563734A4379654641472E7A77527A5A3767545355626A776164314537416279582F345254505062564F',NULL,NULL,'2018-01-04 11:27:28',1,'2018-01-04 11:27:28','2018-01-04 11:27:28',X'3134382E3138382E332E33',X'3134382E3138382E332E33',X'643772665F7736756269355234355736737A3167','2018-01-04 11:27:18','2018-01-04 11:27:00',NULL,'2018-01-04 11:27:00','2018-01-04 11:27:28'),
	(71,X'63687269737469616E2E65696E73706F726E40742D6F6E6C696E652E6465',X'2432612431312441366B71594B547674705868634242386E6A666B314F6E35624745564450496B39307137744631314F7A62536945335A526B4A5843',NULL,NULL,'2018-01-04 11:33:42',1,'2018-01-04 11:33:42','2018-01-04 11:33:42',X'36322E3135372E37312E313737',X'36322E3135372E37312E313737',X'4658667369736F58487377764A625F67314C4155','2018-01-04 11:33:18','2018-01-04 11:32:23',NULL,'2018-01-04 11:32:23','2018-01-04 11:33:42'),
	(72,X'6B656172792E626972636840676D61696C2E636F6D',X'243261243131245A57697871386C2E2F754F38692E713764776F73727578786858364273376D6E31424F6B5552687665656E6E766C5674344E676A69',NULL,NULL,NULL,1,'2018-01-04 12:51:33','2018-01-04 12:51:33',X'3231372E34312E33312E3535',X'3231372E34312E33312E3535',X'665347366B452D51435A4A6E4439526148416450','2018-01-04 12:51:13','2018-01-04 12:49:15',NULL,'2018-01-04 12:49:15','2018-01-04 12:51:33'),
	(73,X'6C6F6F736D6F6F73406D6F757369722E6F7267',X'243261243131242F4A6D4F3448616B61374A615543735444745151424F6C4A46725A3477704A595A335A666648494B424458754439674F6732555161',NULL,NULL,'2018-01-04 13:16:11',1,'2018-01-04 13:16:11','2018-01-04 13:16:11',X'3139342E38312E39362E313838',X'3139342E38312E39362E313838',X'6F384A2D51595572373836524D7938727A677A66','2018-01-04 13:16:06','2018-01-04 13:11:43',NULL,'2018-01-04 13:11:43','2018-01-04 13:16:11');

/*!40000 ALTER TABLE `users` ENABLE KEYS */;
UNLOCK TABLES;



/*!40111 SET SQL_NOTES=@OLD_SQL_NOTES */;
/*!40101 SET SQL_MODE=@OLD_SQL_MODE */;
/*!40014 SET FOREIGN_KEY_CHECKS=@OLD_FOREIGN_KEY_CHECKS */;
/*!40101 SET CHARACTER_SET_CLIENT=@OLD_CHARACTER_SET_CLIENT */;
/*!40101 SET CHARACTER_SET_RESULTS=@OLD_CHARACTER_SET_RESULTS */;
/*!40101 SET COLLATION_CONNECTION=@OLD_COLLATION_CONNECTION */;
